县编号,旧县名,新县名,名称类型,现代参考名,现代地名来源,参考点在县内,参考点距离公里
EZ000001,洛邑,洛邑,有资料支持的古名,洛阳,https://www.geonames.org/1801792/,True,0.734
EZ000002,西垂,西和,现代地名,西和,https://www.geonames.org/1789436/,True,14.743
EZ000003,蓟,蓟,有资料支持的古名,北京,https://www.geonames.org/1816670/,True,3.73
EZ000004,翼,翼城,现代地名,翼城,https://www.geonames.org/1786753/,True,12.183
EZ000005,临淄,临淄,有资料支持的古名,临淄区,https://www.geonames.org/6573954/,True,3.174
EZ000006,曲阜,曲阜,有资料支持的古名,曲阜,https://www.geonames.org/1797332/,True,3.241
EZ000007,商丘,睢阳,现代地名,睢阳,https://www.geonames.org/6602284/,True,0.988
EZ000008,朝歌,淇县,现代地名,淇县,https://www.geonames.org/1797436/,True,5.368
EZ000009,宛丘,淮阳,现代地名,淮阳,https://www.geonames.org/1807650/,True,5.058
EZ000010,上蔡,上蔡,现代地名,上蔡,https://www.geonames.org/1796301/,True,16.216
EZ000011,雍丘,杞县,现代地名,杞县,https://www.geonames.org/1797437/,True,4.629
EZ000012,陶丘,曹县,现代地名,曹县,https://www.geonames.org/1815954/,True,8.669
EZ000013,许,魏都,现代地名,魏都,https://www.geonames.org/6602258/,True,2.334
EZ000014,郑地,新郑,现代地名,新郑,https://www.geonames.org/1788465/,True,7.893
EZ000015,邢,邢台,现代地名,邢台,https://www.geonames.org/1788927/,True,0.902
EZ000016,虢,三门峡,现代地名,三门峡,https://www.geonames.org/1796669/,True,3.239
EZ000017,虞,平陆,现代地名,平陆,https://www.geonames.org/1798741/,True,6.098
EZ000018,丹阳（剧本定位）,淅川,现代地名,淅川,https://www.geonames.org/1789623/,True,11.041
EZ000019,随,随州市,现代地名,随州市,https://www.geonames.org/1793879/,True,1.185
EZ000020,邓,樊城,现代地名,樊城,https://www.geonames.org/6642276/,True,5.486
EZ000021,吴地,锡山,现代地名,锡山,https://www.geonames.org/6567661/,True,8.266
EZ000022,越地,越城,现代地名,越城,https://www.geonames.org/6607481/,True,2.909
EZ000023,蜀地,成都,现代地名,成都,https://www.geonames.org/1815286/,True,5.443
EZ000024,巴地,垫江,现代地名,垫江,https://www.geonames.org/1812936/,True,5.48
EZG09770993,巴蜀汉中-09770993,长顺,现代地名,长顺,https://www.geonames.org/1815535/,True,15.045
EZG09770994,巴蜀汉中-09770994,天峨,现代地名,天峨,https://www.geonames.org/1792990/,True,17.99
EZG09770995,巴蜀汉中-09770995,南丹,现代地名,南丹,https://www.geonames.org/1800118/,True,13.438
EZG09770996,巴蜀汉中-09770996,环江,现代地名,环江,https://www.geonames.org/1807091/,True,44.932
EZG09770997,巴蜀汉中-09770997,罗城仫佬族自治县,现代地名,罗城仫佬族自治县,https://www.geonames.org/1801981/,True,39.918
EZG09770998,巴蜀汉中-09770998,融水,现代地名,融水,https://www.geonames.org/1797093/,True,19.607
EZG09770999,巴蜀汉中-09770999,融安,现代地名,融安,https://www.geonames.org/1797124/,True,25.167
EZG09771000,江南-09771000,象山,现代地名,象山,https://www.geonames.org/8021150/,True,1.122
EZG09771001,江南-09771001,恭城,现代地名,恭城,https://www.geonames.org/1810150/,True,34.309
EZG09771002,江南-09771002,江永,现代地名,江永,https://www.geonames.org/1806208/,True,6.105
EZG09771003,江南-09771003,江华,现代地名,江华,https://www.geonames.org/1806373/,True,26.448
EZG09771004,江南-09771004,临武,现代地名,临武,https://www.geonames.org/1803338/,True,18.994
EZG09771005,江南-09771005,宜章,现代地名,宜章,https://www.geonames.org/1786411/,True,22.56
EZG09771006,江南-09771006,仁化,现代地名,仁化,https://www.geonames.org/1797193/,True,25.021
EZG09771007,江南-09771007,始兴,现代地名,始兴,https://www.geonames.org/1794911/,True,34.603
EZG09771008,江南-09771008,南雄,现代地名,南雄,https://www.geonames.org/1799646/,True,27.241
EZG09771009,江南-09771009,安远,现代地名,安远,https://www.geonames.org/1817930/,True,24.456
EZG09780991,陇蜀-09780991,兴仁,现代地名,兴仁,https://www.geonames.org/1788939/,True,14.36
EZG09780992,陇蜀-09780992,贞丰,现代地名,贞丰,https://www.geonames.org/1784732/,True,13.114
EZG09780993,巴蜀汉中-09780993,紫云,现代地名,紫云,https://www.geonames.org/1783673/,True,19.695
EZG09780994,巴蜀汉中-09780994,罗甸,现代地名,罗甸,https://www.geonames.org/1801968/,True,15.06
EZG09780995,巴蜀汉中-09780995,平塘,现代地名,平塘,https://www.geonames.org/1798677/,True,20.218
EZG09780996,巴蜀汉中-09780996,独山,现代地名,独山,https://www.geonames.org/1811789/,True,25.881
EZG09780997,巴蜀汉中-09780997,光辉,现代地名,光辉,https://www.geonames.org/8696276/,True,0.505
EZG09780998,巴蜀汉中-09780998,从江,现代地名,从江,https://www.geonames.org/1814708/,True,20.297
EZG09780999,巴蜀汉中-09780999,三江,现代地名,三江,https://www.geonames.org/1796767/,True,14.743
EZG09781000,江南-09781000,龙胜,现代地名,龙胜,https://www.geonames.org/1802429/,True,27.042
EZG09781001,江南-09781001,兴安,现代地名,兴安,https://www.geonames.org/1789055/,True,7.154
EZG09781002,江南-09781002,灌阳,现代地名,灌阳,https://www.geonames.org/1809718/,True,22.335
EZG09781003,江南-09781003,道县,现代地名,道县,https://www.geonames.org/1813747/,True,19.617
EZG09781004,江南-09781004,嘉禾,现代地名,嘉禾,https://www.geonames.org/1806493/,True,20.177
EZG09781005,江南-09781005,北湖,现代地名,北湖,https://www.geonames.org/6642729/,True,26.064
EZG09781006,江南-09781006,白石,现代地名,白石,https://www.geonames.org/1917527/,True,17.881
EZG09781007,江南-09781007,汝城,现代地名,汝城,https://www.geonames.org/1797075/,True,17.472
EZG09781008,江南-09781008,大余,现代地名,大余,https://www.geonames.org/1813124/,True,16.184
EZG09781009,江南-09781009,嘉定,现代地名,嘉定,https://www.geonames.org/1806509/,True,17.203
EZG09781010,江南-09781010,会昌,现代地名,会昌,https://www.geonames.org/1806884/,True,26.987
EZG09781011,江南-09781011,会昌,现代地名,会昌,https://www.geonames.org/8535329/,True,27.998
EZG09790988,陇蜀-09790988,上村,现代地名,上村,https://www.geonames.org/9076505/,True,27.328
EZG09790989,陇蜀-09790989,中安,现代地名,中安,https://www.geonames.org/1784477/,True,29.808
EZG09790990,陇蜀-09790990,盘县,现代地名,盘县,https://www.geonames.org/1799006/,True,19.417
EZG09790991,陇蜀-09790991,晴隆,现代地名,晴隆,https://www.geonames.org/1797818/,True,25.536
EZG09790992,陇蜀-09790992,镇宁,现代地名,镇宁,https://www.geonames.org/1784619/,True,11.858
EZG09790993,巴蜀汉中-09790993,长寨,现代地名,长寨,https://www.geonames.org/8696318/,True,3.009
EZG09790994,巴蜀汉中-09790994,西秀,现代地名,西秀,https://www.geonames.org/6642194/,True,16.316
EZG09790995,巴蜀汉中-09790995,都匀,现代地名,都匀,https://www.geonames.org/1811763/,True,16.106
EZG09790996,巴蜀汉中-09790996,三都,现代地名,三都,https://www.geonames.org/1796904/,True,21.869
EZG09790997,巴蜀汉中-09790997,榕江,现代地名,榕江,https://www.geonames.org/1797103/,True,17.12
EZG09790998,巴蜀汉中-09790998,黎平,现代地名,黎平,https://www.geonames.org/1803292/,True,19.025
EZG09790999,巴蜀汉中-09790999,通道,现代地名,通道,https://www.geonames.org/1792689/,True,17.833
EZG09791000,江南-09791000,城步,现代地名,城步,https://www.geonames.org/1815304/,True,27.322
EZG09791001,江南-09791001,资源,现代地名,资源,https://www.geonames.org/1783675/,True,24.434
EZG09791002,江南-09791002,零陵区,现代地名,零陵区,https://www.geonames.org/1803495/,True,28.327
EZG09791003,江南-09791003,荒塘,现代地名,荒塘,https://www.geonames.org/6422131/,True,11.049
EZG09791004,江南-09791004,莲花,现代地名,莲花,https://www.geonames.org/6422089/,True,24.05
EZG09791005,江南-09791005,永兴,现代地名,永兴,https://www.geonames.org/1786225/,True,23.987
EZG09791006,江南-09791006,资兴,现代地名,资兴,https://www.geonames.org/1783687/,True,15.496
EZG09791007,江南-09791007,桂东,现代地名,桂东,https://www.geonames.org/1809520/,True,25.987
EZG09791008,江南-09791008,南康,现代地名,南康,https://www.geonames.org/1799945/,True,18.191
EZG09791009,江南-09791009,赣县,现代地名,赣县,https://www.geonames.org/1810652/,True,19.739
EZG09791010,江南-09791010,瑞金,现代地名,瑞金,https://www.geonames.org/1797053/,True,19.766
EZG09791011,江南-09791011,长汀县,现代地名,长汀县,https://www.geonames.org/1815513/,True,22.683
EZG09791012,江南-09791012,连城县,现代地名,连城县,https://www.geonames.org/1804116/,True,28.91
EZG09791013,江南-09791013,永安市,现代地名,永安市,https://www.geonames.org/1786386/,True,13.163
EZG09800988,陇蜀-09800988,会泽,现代地名,会泽,https://www.geonames.org/1806777/,True,18.105
EZG09800989,陇蜀-09800989,宣威,现代地名,宣威,https://www.geonames.org/1788059/,True,28.583
EZG09800990,陇蜀-09800990,格宜,现代地名,格宜,https://www.geonames.org/9083766/,True,9.314
EZG09800991,陇蜀-09800991,水城,现代地名,水城,https://www.geonames.org/1794509/,True,14.665
EZG09800992,陇蜀-09800992,普定,现代地名,普定,https://www.geonames.org/1798525/,True,16.946
EZG09800993,巴蜀汉中-09800993,平坝,现代地名,平坝,https://www.geonames.org/1798857/,True,14.552
EZG09800994,巴蜀汉中-09800994,贵阳市,现代地名,贵阳市,https://www.geonames.org/1809461/,True,13.663
EZG09800995,巴蜀汉中-09800995,贵定,现代地名,贵定,https://www.geonames.org/1809523/,True,10.134
EZG09800996,巴蜀汉中-09800996,麻江,现代地名,麻江,https://www.geonames.org/1801433/,True,14.433
EZG09800997,巴蜀汉中-09800997,台江,现代地名,台江,https://www.geonames.org/1793658/,True,11.999
EZG09800998,巴蜀汉中-09800998,锦屏,现代地名,锦屏,https://www.geonames.org/1805426/,True,22.676
EZG09800999,巴蜀汉中-09800999,靖州,现代地名,靖州,https://www.geonames.org/1928653/,True,10.538
EZG09801000,江南-09801000,长铺,现代地名,长铺,https://www.geonames.org/1815594/,True,12.682
EZG09801001,江南-09801001,武冈,现代地名,武冈,https://www.geonames.org/1791272/,True,24.968
EZG09801002,江南-09801002,新宁,现代地名,新宁,https://www.geonames.org/1788706/,True,18.792
EZG09801003,江南-09801003,冷水滩,现代地名,冷水滩,https://www.geonames.org/1804161/,True,9.793
EZG09801004,江南-09801004,祁阳,现代地名,祁阳,https://www.geonames.org/1797416/,True,29.914
EZG09801005,江南-09801005,耒阳,现代地名,耒阳,https://www.geonames.org/1804207/,True,18.445
EZG09801006,江南-09801006,安仁,现代地名,安仁,https://www.geonames.org/1817978/,True,12.16
EZG09801007,江南-09801007,炎陵,现代地名,炎陵,https://www.geonames.org/1803440/,True,7.976
EZG09801008,江南-09801008,遂川,现代地名,遂川,https://www.geonames.org/1793905/,True,9.281
EZG09801009,江南-09801009,万安,现代地名,万安,https://www.geonames.org/1792192/,True,15.026
EZG09801010,江南-09801010,兴国,现代地名,兴国,https://www.geonames.org/1789029/,True,10.209
EZG09801011,江南-09801011,宁都县,现代地名,宁都县,https://www.geonames.org/1799390/,True,26.413
EZG09801012,江南-09801012,宁化县,现代地名,宁化县,https://www.geonames.org/1799377/,True,6.769
EZG09801013,江南-09801013,明溪县,现代地名,明溪县,https://www.geonames.org/1800492/,True,10.009
EZG09801014,江南-09801014,梅列区,现代地名,梅列区,https://www.geonames.org/6607703/,True,10.579
EZG09801015,江东-09801015,尤溪县,现代地名,尤溪县,https://www.geonames.org/1786138/,True,6.01
EZG09810987,陇蜀-09810987,新华,现代地名,新华,https://www.geonames.org/1788871/,True,21.404
EZG09810988,陇蜀-09810988,罗布古,现代地名,罗布古,https://www.geonames.org/9077075/,True,7.014
EZG09810989,陇蜀-09810989,么站,现代地名,么站,https://www.geonames.org/8696390/,True,10.339
EZG09810990,陇蜀-09810990,钟山,现代地名,钟山,https://www.geonames.org/6642193/,True,24.412
EZG09810991,陇蜀-09810991,纳雍,现代地名,纳雍,https://www.geonames.org/1799500/,True,2.218
EZG09810992,陇蜀-09810992,织金,现代地名,织金,https://www.geonames.org/1784519/,True,14.747
EZG09810993,巴蜀汉中-09810993,清镇,现代地名,清镇,https://www.geonames.org/1797609/,True,17.151
EZG09810994,巴蜀汉中-09810994,开阳,现代地名,开阳,https://www.geonames.org/1804851/,True,23.481
EZG09810995,巴蜀汉中-09810995,福泉,现代地名,福泉,https://www.geonames.org/1810938/,True,12.714
EZG09810996,巴蜀汉中-09810996,施秉,现代地名,施秉,https://www.geonames.org/1795478/,True,18.722
EZG09810997,巴蜀汉中-09810997,三穗,现代地名,三穗,https://www.geonames.org/1796605/,True,14.699
EZG09810998,巴蜀汉中-09810998,天柱,现代地名,天柱,https://www.geonames.org/1792826/,True,9.635
EZG09810999,巴蜀汉中-09810999,会同,现代地名,会同,https://www.geonames.org/1806796/,True,5.63
EZG09811000,江南-09811000,绥宁,现代地名,绥宁,https://www.geonames.org/1793897/,True,27.108
EZG09811001,江南-09811001,武冈,现代地名,武冈,https://www.geonames.org/1791269/,True,23.679
EZG09811002,江南-09811002,邵阳,现代地名,邵阳,https://www.geonames.org/1795851/,True,11.15
EZG09811003,江南-09811003,祁东,现代地名,祁东,https://www.geonames.org/1798080/,True,21.271
EZG09811004,江南-09811004,蒸湘,现代地名,蒸湘,https://www.geonames.org/6642727/,True,9.467
EZG09811005,江南-09811005,衡东,现代地名,衡东,https://www.geonames.org/1808500/,True,20.617
EZG09811006,江南-09811006,茶陵,现代地名,茶陵,https://www.geonames.org/1815818/,True,14.08
EZG09811007,江南-09811007,永新,现代地名,永新,https://www.geonames.org/1786224/,True,11.736
EZG09811008,江南-09811008,泰和,现代地名,泰和,https://www.geonames.org/1793676/,True,21.094
EZG09811009,江南-09811009,富田,现代地名,富田,https://www.geonames.org/1810895/,True,3.541
EZG09811010,江南-09811010,小布,现代地名,小布,https://www.geonames.org/1790315/,True,0.966
EZG09811011,江南-09811011,广昌县,现代地名,广昌县,https://www.geonames.org/1809943/,True,4.338
EZG09811012,江南-09811012,建宁县,现代地名,建宁县,https://www.geonames.org/1806168/,True,20.34
EZG09811013,江南-09811013,将乐县,现代地名,将乐县,https://www.geonames.org/1806304/,True,9.062
EZG09811014,江东-09811014,南平市,现代地名,南平市,https://www.geonames.org/1799846/,True,11.727
EZG09811015,江东-09811015,闽清县,现代地名,闽清县,https://www.geonames.org/1800461/,True,45.602
EZG09811016,江东-09811016,古田县,现代地名,古田县,https://www.geonames.org/1809199/,True,26.086
EZG09820987,陇蜀-09820987,宁南,现代地名,宁南,https://www.geonames.org/1799363/,True,7.357
EZG09820988,陇蜀-09820988,鲁甸,现代地名,鲁甸,https://www.geonames.org/1802143/,True,11.538
EZG09820989,陇蜀-09820989,威宁,现代地名,威宁,https://www.geonames.org/1791633/,True,28.201
EZG09820990,陇蜀-09820990,赫章,现代地名,赫章,https://www.geonames.org/1808193/,True,22.186
EZG09820991,陇蜀-09820991,乌峰,现代地名,乌峰,https://www.geonames.org/1784592/,True,21.955
EZG09820992,陇蜀-09820992,大方,现代地名,大方,https://www.geonames.org/1814441/,True,13.605
EZG09820993,巴蜀汉中-09820993,金沙,现代地名,金沙,https://www.geonames.org/1805383/,True,22.492
EZG09820994,巴蜀汉中-09820994,息烽,现代地名,息烽,https://www.geonames.org/1789505/,True,19.063
EZG09820995,巴蜀汉中-09820995,牛场,现代地名,牛场,https://www.geonames.org/8696444/,True,15.51
EZG09820996,巴蜀汉中-09820996,余庆,现代地名,余庆,https://www.geonames.org/1785635/,True,11.311
EZG09820997,巴蜀汉中-09820997,石阡,现代地名,石阡,https://www.geonames.org/1795056/,True,18.612
EZG09820998,巴蜀汉中-09820998,玉屏,现代地名,玉屏,https://www.geonames.org/1785639/,True,13.422
EZG09820999,巴蜀汉中-09820999,芷江,现代地名,芷江,https://www.geonames.org/1784524/,True,14.982
EZG09821000,江南-09821000,中方,现代地名,中方,https://www.geonames.org/1928654/,True,14.604
EZG09821001,江南-09821001,麻塘山,现代地名,麻塘山,https://www.geonames.org/1983204/,True,13.352
EZG09821002,江南-09821002,隆回,现代地名,隆回,https://www.geonames.org/1802604/,True,17.925
EZG09821003,江南-09821003,新邵,现代地名,新邵,https://www.geonames.org/1788649/,True,17.277
EZG09821004,江南-09821004,双峰,现代地名,双峰,https://www.geonames.org/1794742/,True,11.633
EZG09821005,江南-09821005,衡山,现代地名,衡山,https://www.geonames.org/1808408/,True,4.871
EZG09821006,江南-09821006,攸县,现代地名,攸县,https://www.geonames.org/1786142/,True,20.029
EZG09821007,江南-09821007,莲花,现代地名,莲花,https://www.geonames.org/1803904/,True,10.131
EZG09821008,江南-09821008,安福,现代地名,安福,https://www.geonames.org/1818084/,True,10.829
EZG09821009,江南-09821009,吉州,现代地名,吉州,https://www.geonames.org/6567602/,True,12.28
EZG09821010,江南-09821010,永丰,现代地名,永丰,https://www.geonames.org/1786352/,True,18.765
EZG09821011,江南-09821011,宜黄,现代地名,宜黄,https://www.geonames.org/1786711/,True,22.102
EZG09821012,江南-09821012,南丰,现代地名,南丰,https://www.geonames.org/1800084/,True,19.452
EZG09821013,江南-09821013,邵武市,现代地名,邵武市,https://www.geonames.org/1795856/,True,26.858
EZG09821014,江南-09821014,顺昌县,现代地名,顺昌县,https://www.geonames.org/1794358/,True,20.383
EZG09821015,江东-09821015,建瓯市,现代地名,建瓯市,https://www.geonames.org/1806166/,True,13.257
EZG09821016,江东-09821016,屏南县,现代地名,屏南县,https://www.geonames.org/1798729/,True,14.345
EZG09821017,江东-09821017,福安市,现代地名,福安市,https://www.geonames.org/1811083/,True,18.393
EZG09830987,陇蜀-09830987,布拖,现代地名,布拖,https://www.geonames.org/1816199/,True,22.001
EZG09830988,陇蜀-09830988,昭阳,现代地名,昭阳,https://www.geonames.org/6643328/,True,24.28
EZG09830989,陇蜀-09830989,彝良,现代地名,彝良,https://www.geonames.org/1786686/,True,8.698
EZG09830990,陇蜀-09830990,镇雄,现代地名,镇雄,https://www.geonames.org/1784591/,True,19.785
EZG09830991,陇蜀-09830991,水田,现代地名,水田,https://www.geonames.org/9006727/,True,7.995
EZG09830992,陇蜀-09830992,马蹄,现代地名,马蹄,https://www.geonames.org/9624066/,True,3.268
EZG09830993,巴蜀汉中-09830993,仁怀,现代地名,仁怀,https://www.geonames.org/1797194/,True,18.968
EZG09830994,巴蜀汉中-09830994,汇川,现代地名,汇川,https://www.geonames.org/6642054/,True,2.492
EZG09830995,巴蜀汉中-09830995,湄潭,现代地名,湄潭,https://www.geonames.org/1800807/,True,5.122
EZG09830996,巴蜀汉中-09830996,思南,现代地名,思南,https://www.geonames.org/1794188/,True,14.455
EZG09830997,巴蜀汉中-09830997,印江,现代地名,印江,https://www.geonames.org/1786524/,True,17.072
EZG09830998,巴蜀汉中-09830998,铜仁市,现代地名,铜仁市,https://www.geonames.org/1792592/,True,8.964
EZG09830999,巴蜀汉中-09830999,麻阳,现代地名,麻阳,https://www.geonames.org/1800946/,True,3.794
EZG09831000,江南-09831000,辰溪,现代地名,辰溪,https://www.geonames.org/1815070/,True,18.557
EZG09831001,江南-09831001,溆浦,现代地名,溆浦,https://www.geonames.org/1787860/,True,20.816
EZG09831002,江南-09831002,新化,现代地名,新化,https://www.geonames.org/1788859/,True,13.282
EZG09831003,江南-09831003,娄底市,现代地名,娄底市,https://www.geonames.org/1802238/,True,5.699
EZG09831004,江南-09831004,照山,现代地名,照山,https://www.geonames.org/1930488/,True,14.516
EZG09831005,江南-09831005,天元,现代地名,天元,https://www.geonames.org/6642702/,True,8.747
EZG09831006,江南-09831006,安源,现代地名,安源,https://www.geonames.org/6567614/,True,19.229
EZG09831007,江南-09831007,袁州,现代地名,袁州,https://www.geonames.org/6567612/,True,19.987
EZG09831008,江南-09831008,新余,现代地名,新余,https://www.geonames.org/1788508/,True,19.613
EZG09831009,江南-09831009,峡江,现代地名,峡江,https://www.geonames.org/1790695/,True,15.799
EZG09831010,江南-09831010,崇仁县,现代地名,崇仁县,https://www.geonames.org/1814897/,True,20.832
EZG09831011,江南-09831011,南城,现代地名,南城,https://www.geonames.org/1800151/,True,26.204
EZG09831012,江南-09831012,资溪,现代地名,资溪,https://www.geonames.org/1783685/,True,18.756
EZG09831013,江南-09831013,光泽县,现代地名,光泽县,https://www.geonames.org/1809860/,True,23.529
EZG09831014,江东-09831014,建阳市,现代地名,建阳市,https://www.geonames.org/1806120/,True,17.099
EZG09831015,江东-09831015,松溪县,现代地名,松溪县,https://www.geonames.org/1793964/,True,19.134
EZG09831016,江东-09831016,庆元,现代地名,庆元,https://www.geonames.org/1797625/,True,23.176
EZG09831017,江东-09831017,泰顺,现代地名,泰顺,https://www.geonames.org/1793543/,True,17.353
EZG09840987,陇蜀-09840987,昭觉,现代地名,昭觉,https://www.geonames.org/1784875/,True,14.103
EZG09840988,陇蜀-09840988,依达,现代地名,依达,https://www.geonames.org/9625555/,True,15.899
EZG09840989,陇蜀-09840989,永善,现代地名,永善,https://www.geonames.org/1786265/,True,26.593
EZG09840990,陇蜀-09840990,盐津,现代地名,盐津,https://www.geonames.org/1787157/,True,15.125
EZG09840991,陇蜀-09840991,珙县,现代地名,珙县,https://www.geonames.org/1810079/,True,18.157
EZG09840992,陇蜀-09840992,叙永,现代地名,叙永,https://www.geonames.org/1787827/,True,6.008
EZG09840993,巴蜀汉中-09840993,古蔺,现代地名,古蔺,https://www.geonames.org/1809403/,True,23.528
EZG09840994,巴蜀汉中-09840994,桐梓,现代地名,桐梓,https://www.geonames.org/1792516/,True,21.11
EZG09840995,巴蜀汉中-09840995,绥阳,现代地名,绥阳,https://www.geonames.org/1793881/,True,11.769
EZG09840996,巴蜀汉中-09840996,新建,现代地名,新建,https://www.geonames.org/1550567/,True,6.718
EZG09840997,巴蜀汉中-09840997,德江,现代地名,德江,https://www.geonames.org/1813025/,True,22.698
EZG09840998,巴蜀汉中-09840998,松桃,现代地名,松桃,https://www.geonames.org/1793975/,True,26.516
EZG09840999,巴蜀汉中-09840999,花垣,现代地名,花垣,https://www.geonames.org/1806969/,True,23.192
EZG09841000,江南-09841000,泸溪,现代地名,泸溪,https://www.geonames.org/1801676/,True,11.452
EZG09841001,江南-09841001,渭溪,现代地名,渭溪,https://www.geonames.org/1791593/,True,2.844
EZG09841002,江南-09841002,东坪,现代地名,东坪,https://www.geonames.org/1812332/,True,19.209
EZG09841003,江南-09841003,安化,现代地名,安化,https://www.geonames.org/1818059/,True,28.113
EZG09841004,江南-09841004,宁乡,现代地名,宁乡,https://www.geonames.org/1799351/,True,13.169
EZG09841005,江南-09841005,长沙,现代地名,长沙,https://www.geonames.org/1815577/,True,14.418
EZG09841006,江南-09841006,长沙,现代地名,长沙,https://www.geonames.org/1815550/,True,25.663
EZG09841007,江南-09841007,浏阳,现代地名,浏阳,https://www.geonames.org/1802872/,True,26.596
EZG09841008,江南-09841008,万载,现代地名,万载,https://www.geonames.org/1791736/,True,20.465
EZG09841009,江南-09841009,上高县,现代地名,上高县,https://www.geonames.org/1796252/,True,21.605
EZG09841010,江南-09841010,樟树,现代地名,樟树,https://www.geonames.org/1797869/,True,10.656
EZG09841011,江南-09841011,抚州,现代地名,抚州,https://www.geonames.org/1810820/,True,16.198
EZG09841012,江南-09841012,金溪,现代地名,金溪,https://www.geonames.org/1805321/,True,10.892
EZG09841013,江南-09841013,文坊,现代地名,文坊,https://www.geonames.org/1791521/,True,5.766
EZG09841014,江南-09841014,崇安县,现代地名,崇安县,https://www.geonames.org/1814931/,True,23.315
EZG09841015,江东-09841015,浦城县,现代地名,浦城县,https://www.geonames.org/1798529/,True,5.401
EZG09841016,江东-09841016,龙泉,现代地名,龙泉,https://www.geonames.org/1802459/,True,25.872
EZG09841017,江东-09841017,景宁,现代地名,景宁,https://www.geonames.org/1805605/,True,7.707
EZG09841018,江东-09841018,文成,现代地名,文成,https://www.geonames.org/1791535/,True,6.081
EZG09841019,江东-09841019,瑞安,现代地名,瑞安,https://www.geonames.org/1797062/,True,27.621
EZG09850986,陇蜀-09850986,喜德,现代地名,喜德,https://www.geonames.org/1789602/,True,22.138
EZG09850987,陇蜀-09850987,美姑,现代地名,美姑,https://www.geonames.org/1800865/,True,8.326
EZG09850988,陇蜀-09850988,雷波,现代地名,雷波,https://www.geonames.org/1804245/,True,21.517
EZG09850989,陇蜀-09850989,绥江,现代地名,绥江,https://www.geonames.org/1793901/,True,10.361
EZG09850990,陇蜀-09850990,高县,现代地名,高县,https://www.geonames.org/1810340/,True,9.537
EZG09850991,陇蜀-09850991,江安,现代地名,江安,https://www.geonames.org/1806417/,True,17.218
EZG09850992,陇蜀-09850992,赤水,现代地名,赤水,https://www.geonames.org/1814961/,True,18.105
EZG09850993,巴蜀汉中-09850993,习水,现代地名,习水,https://www.geonames.org/1788315/,True,25.629
EZG09850994,巴蜀汉中-09850994,桐梓,现代地名,桐梓,https://www.geonames.org/1792510/,True,20.645
EZG09850995,巴蜀汉中-09850995,正安,现代地名,正安,https://www.geonames.org/1784729/,True,14.521
EZG09850996,巴蜀汉中-09850996,务川,现代地名,务川,https://www.geonames.org/1791335/,True,10.338
EZG09850997,巴蜀汉中-09850997,沿河,现代地名,沿河,https://www.geonames.org/1787197/,True,23.143
EZG09850998,巴蜀汉中-09850998,秀山,现代地名,秀山,https://www.geonames.org/1788260/,True,21.389
EZG09850999,巴蜀汉中-09850999,保靖,现代地名,保靖,https://www.geonames.org/1816937/,True,10.932
EZG09851000,江南-09851000,古丈,现代地名,古丈,https://www.geonames.org/1809141/,True,28.012
EZG09851001,江南-09851001,沅陵,现代地名,沅陵,https://www.geonames.org/1786065/,True,28.922
EZG09851002,江南-09851002,芦花潭,现代地名,芦花潭,https://www.geonames.org/1928495/,True,3.091
EZG09851003,江南-09851003,桃江,现代地名,桃江,https://www.geonames.org/1793154/,True,17.028
EZG09851004,江南-09851004,资阳,现代地名,资阳,https://www.geonames.org/1786416/,True,18.657
EZG09851005,江南-09851005,汨罗,现代地名,汨罗,https://www.geonames.org/1800529/,True,22.069
EZG09851006,江南-09851006,平江,现代地名,平江,https://www.geonames.org/1798781/,True,19.056
EZG09851007,江南-09851007,铜鼓,现代地名,铜鼓,https://www.geonames.org/1792667/,True,14.426
EZG09851008,江南-09851008,宜丰,现代地名,宜丰,https://www.geonames.org/1786726/,True,10.224
EZG09851009,江南-09851009,高安,现代地名,高安,https://www.geonames.org/1810624/,True,19.178
EZG09851010,江南-09851010,南昌,现代地名,南昌,https://www.geonames.org/1800163/,True,23.242
EZG09851011,江南-09851011,进贤,现代地名,进贤,https://www.geonames.org/1805328/,True,17.053
EZG09851012,江南-09851012,月湖,现代地名,月湖,https://www.geonames.org/6567617/,True,20.988
EZG09851013,江南-09851013,横峰,现代地名,横峰,https://www.geonames.org/1808497/,True,13.447
EZG09851014,江东-09851014,广丰,现代地名,广丰,https://www.geonames.org/1809931/,True,8.651
EZG09851015,江东-09851015,岩樟,现代地名,岩樟,https://www.geonames.org/8634084/,True,25.62
EZG09851016,江东-09851016,松阳,现代地名,松阳,https://www.geonames.org/1793960/,True,24.852
EZG09851017,江东-09851017,青田,现代地名,青田,https://www.geonames.org/1797696/,True,22.681
EZG09851018,江东-09851018,瓯海,现代地名,瓯海,https://www.geonames.org/1799146/,True,22.226
EZG09851019,江东-09851019,乐清,现代地名,乐清,https://www.geonames.org/1785913/,True,15.41
EZG09860986,陇蜀-09860986,腊甲甲,现代地名,腊甲甲,https://www.geonames.org/6960848/,True,2.535
EZG09860987,陇蜀-09860987,甘洛,现代地名,甘洛,https://www.geonames.org/1810688/,True,23.192
EZG09860988,陇蜀-09860988,峨边,现代地名,峨边,https://www.geonames.org/1811752/,True,25.002
EZG09860989,陇蜀-09860989,沐川,现代地名,沐川,https://www.geonames.org/1800339/,True,14.436
EZG09860990,陇蜀-09860990,新发,现代地名,新发,https://www.geonames.org/6924979/,True,11.637
EZG09860991,陇蜀-09860991,南溪,现代地名,南溪,https://www.geonames.org/1799645/,True,14.161
EZG09860992,陇蜀-09860992,龙马潭,现代地名,龙马潭,https://www.geonames.org/6642904/,True,7.973
EZG09860993,巴蜀汉中-09860993,江津,现代地名,江津,https://www.geonames.org/1806348/,True,24.564
EZG09860994,巴蜀汉中-09860994,綦江,现代地名,綦江,https://www.geonames.org/1798038/,True,14.982
EZG09860995,巴蜀汉中-09860995,南川,现代地名,南川,https://www.geonames.org/1800142/,True,11.698
EZG09860996,巴蜀汉中-09860996,道真,现代地名,道真,https://www.geonames.org/1813743/,True,16.31
EZG09860997,巴蜀汉中-09860997,双龙,现代地名,双龙,https://www.geonames.org/8408392/,True,4.221
EZG09860998,巴蜀汉中-09860998,酉阳,现代地名,酉阳,https://www.geonames.org/1786135/,True,19.707
EZG09860999,巴蜀汉中-09860999,龙山,现代地名,龙山,https://www.geonames.org/1802437/,True,18.643
EZG09861000,江南-09861000,永顺,现代地名,永顺,https://www.geonames.org/1786261/,True,12.995
EZG09861001,江南-09861001,永定,现代地名,永定,https://www.geonames.org/1813171/,True,10.908
EZG09861002,江南-09861002,桃源,现代地名,桃源,https://www.geonames.org/1793095/,True,22.694
EZG09861003,江南-09861003,武陵,现代地名,武陵,https://www.geonames.org/6642678/,True,3.529
EZG09861004,江南-09861004,南县,现代地名,南县,https://www.geonames.org/1799678/,True,26.357
EZG09861005,江南-09861005,沅江,现代地名,沅江,https://www.geonames.org/1786080/,True,28.703
EZG09861006,江南-09861006,岳阳县,现代地名,岳阳县,https://www.geonames.org/1785880/,True,26.64
EZG09861007,江南-09861007,通城,现代地名,通城,https://www.geonames.org/1792697/,True,27.488
EZG09861008,江南-09861008,修水,现代地名,修水,https://www.geonames.org/1788256/,True,16.423
EZG09861009,江南-09861009,靖安,现代地名,靖安,https://www.geonames.org/1805694/,True,10.308
EZG09861010,江南-09861010,安义,现代地名,安义,https://www.geonames.org/1817936/,True,18.175
EZG09861011,江南-09861011,康山,现代地名,康山,https://www.geonames.org/1804819/,True,16.015
EZG09861012,江南-09861012,万年,现代地名,万年,https://www.geonames.org/1791780/,True,25.134
EZG09861013,江南-09861013,乐平,现代地名,乐平,https://www.geonames.org/1804155/,True,27.544
EZG09861014,江南-09861014,玉山,现代地名,玉山,https://www.geonames.org/1785617/,True,14.954
EZG09861015,江东-09861015,江山,现代地名,江山,https://www.geonames.org/1806269/,True,8.375
EZG09861016,江东-09861016,遂昌,现代地名,遂昌,https://www.geonames.org/1793909/,True,20.469
EZG09861017,江东-09861017,双溪,现代地名,双溪,https://www.geonames.org/1794568/,True,21.408
EZG09861018,江东-09861018,缙云,现代地名,缙云,https://www.geonames.org/1805309/,True,7.36
EZG09861019,江东-09861019,仙居,现代地名,仙居,https://www.geonames.org/1790409/,True,25.12
EZG09861020,江东-09861020,路桥,现代地名,路桥,https://www.geonames.org/1922898/,True,8.881
EZG09870986,陇蜀-09870986,石棉,现代地名,石棉,https://www.geonames.org/1795102/,True,5.291
EZG09870987,陇蜀-09870987,金口河,现代地名,金口河,https://www.geonames.org/6642894/,True,19.763
EZG09870988,陇蜀-09870988,沙湾,现代地名,沙湾,https://www.geonames.org/6642895/,True,15.734
EZG09870989,陇蜀-09870989,犍为,现代地名,犍为,https://www.geonames.org/1798232/,True,13.031
EZG09870990,陇蜀-09870990,贡井,现代地名,贡井,https://www.geonames.org/6642901/,True,13.847
EZG09870991,陇蜀-09870991,隆昌,现代地名,隆昌,https://www.geonames.org/1802690/,True,11.626
EZG09870992,陇蜀-09870992,双桥,现代地名,双桥,https://www.geonames.org/6575197/,True,12.111
EZG09870993,巴蜀汉中-09870993,九龙坡,现代地名,九龙坡,https://www.geonames.org/6575196/,True,8.409
EZG09870994,巴蜀汉中-09870994,重庆市,现代地名,重庆市,https://www.geonames.org/1814906/,True,30.246
EZG09870995,巴蜀汉中-09870995,涪陵,现代地名,涪陵,https://www.geonames.org/1810978/,True,22.609
EZG09870996,巴蜀汉中-09870996,火炉,现代地名,火炉,https://www.geonames.org/8640976/,True,15.864
EZG09870997,巴蜀汉中-09870997,黔江,现代地名,黔江,https://www.geonames.org/1798314/,True,14.57
EZG09870998,巴蜀汉中-09870998,来凤,现代地名,来凤,https://www.geonames.org/1804601/,True,6.828
EZG09870999,巴蜀汉中-09870999,龙山县,现代地名,龙山县,https://www.geonames.org/7007063/,True,27.303
EZG09871000,江南-09871000,桑植,现代地名,桑植,https://www.geonames.org/1796840/,True,9.967
EZG09871001,江南-09871001,慈利,现代地名,慈利,https://www.geonames.org/1814734/,True,11.768
EZG09871002,江南-09871002,临澧,现代地名,临澧,https://www.geonames.org/1803381/,True,18.183
EZG09871003,江南-09871003,津市,现代地名,津市,https://www.geonames.org/1805374/,True,9.709
EZG09871004,江南-09871004,华容,现代地名,华容,https://www.geonames.org/1807039/,True,5.486
EZG09871005,江南-09871005,岳阳,现代地名,岳阳,https://www.geonames.org/13457912/,True,10.443
EZG09871006,江南-09871006,临湘,现代地名,临湘,https://www.geonames.org/1803324/,True,20.727
EZG09871007,江南-09871007,崇阳,现代地名,崇阳,https://www.geonames.org/1814876/,True,18.376
EZG09871008,江南-09871008,武宁,现代地名,武宁,https://www.geonames.org/1791053/,True,26.445
EZG09871009,江南-09871009,德安,现代地名,德安,https://www.geonames.org/1813040/,True,18.52
EZG09871010,江南-09871010,星子,现代地名,星子,https://www.geonames.org/1788895/,True,7.183
EZG09871011,江南-09871011,鄱阳,现代地名,鄱阳,https://www.geonames.org/1816242/,True,23.97
EZG09871012,江南-09871012,珠山,现代地名,珠山,https://www.geonames.org/6567610/,True,4.742
EZG09871013,江南-09871013,婺源,现代地名,婺源,https://www.geonames.org/1790859/,True,9.372
EZG09871014,江东-09871014,开化,现代地名,开化,https://www.geonames.org/1804871/,True,4.489
EZG09871015,江东-09871015,柯城,现代地名,柯城,https://www.geonames.org/6607483/,True,21.696
EZG09871016,江东-09871016,婺城,现代地名,婺城,https://www.geonames.org/6607482/,True,18.535
EZG09871017,江东-09871017,永康,现代地名,永康,https://www.geonames.org/1786317/,True,17.091
EZG09871018,江东-09871018,磐安,现代地名,磐安,https://www.geonames.org/1799101/,True,2.869
EZG09871019,江东-09871019,临海,现代地名,临海,https://www.geonames.org/1803421/,True,13.802
EZG09871020,江东-09871020,三门,现代地名,三门,https://www.geonames.org/1796668/,True,27.2
EZG09880986,陇蜀-09880986,新兴,现代地名,新兴,https://www.geonames.org/9628242/,True,14.012
EZG09880987,陇蜀-09880987,荥经,现代地名,荥经,https://www.geonames.org/1786611/,True,18.94
EZG09880988,陇蜀-09880988,洪雅,现代地名,洪雅,https://www.geonames.org/1807928/,True,8.99
EZG09880989,陇蜀-09880989,夹江,现代地名,夹江,https://www.geonames.org/1806482/,True,7.206
EZG09880990,陇蜀-09880990,仁寿,现代地名,仁寿,https://www.geonames.org/1797176/,True,24.418
EZG09880991,陇蜀-09880991,资中,现代地名,资中,https://www.geonames.org/1783668/,True,3.278
EZG09880992,陇蜀-09880992,安岳,现代地名,安岳,https://www.geonames.org/1817929/,True,14.603
EZG09880993,陇蜀-09880993,铜梁,现代地名,铜梁,https://www.geonames.org/1792625/,True,7.514
EZG09880994,巴蜀汉中-09880994,北碚,现代地名,北碚,https://www.geonames.org/1909732/,True,3.289
EZG09880995,巴蜀汉中-09880995,长寿,现代地名,长寿,https://www.geonames.org/1815538/,True,7.645
EZG09880996,巴蜀汉中-09880996,丰都,现代地名,丰都,https://www.geonames.org/1811387/,True,5.426
EZG09880997,巴蜀汉中-09880997,石柱,现代地名,石柱,https://www.geonames.org/1794844/,True,20.22
EZG09880998,巴蜀汉中-09880998,咸丰,现代地名,咸丰,https://www.geonames.org/1790613/,True,22.127
EZG09880999,巴蜀汉中-09880999,宣恩县,现代地名,宣恩县,https://www.geonames.org/7007016/,True,9.059
EZG09881000,江南-09881000,鹤峰,现代地名,鹤峰,https://www.geonames.org/1808717/,True,20.1
EZG09881001,江南-09881001,南镇,现代地名,南镇,https://www.geonames.org/1941133/,True,6.34
EZG09881002,江南-09881002,石门,现代地名,石门,https://www.geonames.org/1795106/,True,14.596
EZG09881003,江南-09881003,澧县,现代地名,澧县,https://www.geonames.org/1802817/,True,14.79
EZG09881004,江南-09881004,公安,现代地名,公安,https://www.geonames.org/1810161/,True,13.867
EZG09881005,江南-09881005,监利,现代地名,监利,https://www.geonames.org/1806172/,True,19.351
EZG09881006,江南-09881006,洪湖,现代地名,洪湖,https://www.geonames.org/1808115/,True,16.892
EZG09881007,江南-09881007,赤壁,现代地名,赤壁,https://www.geonames.org/1798467/,True,12.281
EZG09881008,江南-09881008,通山,现代地名,通山,https://www.geonames.org/1792578/,True,24.711
EZG09881009,江南-09881009,阳新,现代地名,阳新,https://www.geonames.org/1787260/,True,10.997
EZG09881010,江南-09881010,九江,现代地名,九江,https://www.geonames.org/1805177/,True,19.512
EZG09881011,江南-09881011,湖口,现代地名,湖口,https://www.geonames.org/1806720/,True,5.267
EZG09881012,江南-09881012,泥溪,现代地名,泥溪,https://www.geonames.org/1799209/,True,8.933
EZG09881013,江南-09881013,祁门,现代地名,祁门,https://www.geonames.org/1797969/,True,21.668
EZG09881014,江东-09881014,休宁,现代地名,休宁,https://www.geonames.org/1788267/,True,5.92
EZG09881015,江东-09881015,歙县,现代地名,歙县,https://www.geonames.org/1795534/,True,23.621
EZG09881016,江东-09881016,淳安,现代地名,淳安,https://www.geonames.org/1814787/,True,16.302
EZG09881017,江东-09881017,浦江,现代地名,浦江,https://www.geonames.org/1798497/,True,6.902
EZG09881018,江东-09881018,东阳,现代地名,东阳,https://www.geonames.org/1791056/,True,24.438
EZG09881019,江东-09881019,新昌,现代地名,新昌,https://www.geonames.org/1789191/,True,6.94
EZG09881020,江东-09881020,宁海,现代地名,宁海,https://www.geonames.org/1799381/,True,3.111
EZG09890985,陇蜀-09890985,呷巴,现代地名,呷巴,https://www.geonames.org/9627889/,True,10.836
EZG09890986,陇蜀-09890986,泸定,现代地名,泸定,https://www.geonames.org/1802142/,True,19.794
EZG09890987,陇蜀-09890987,天全,现代地名,天全,https://www.geonames.org/1792904/,True,17.781
EZG09890988,陇蜀-09890988,名山县,现代地名,名山县,https://www.geonames.org/1800500/,True,13.358
EZG09890989,陇蜀-09890989,彭山,现代地名,彭山,https://www.geonames.org/1798916/,True,9.809
EZG09890990,陇蜀-09890990,资阳市,现代地名,资阳市,https://www.geonames.org/1783683/,True,17.879
EZG09890991,陇蜀-09890991,乐至,现代地名,乐至,https://www.geonames.org/1804128/,True,8.583
EZG09890992,陇蜀-09890992,潼南,现代地名,潼南,https://www.geonames.org/1792607/,True,19.927
EZG09890993,巴蜀汉中-09890993,武胜,现代地名,武胜,https://www.geonames.org/1790996/,True,8.27
EZG09890994,巴蜀汉中-09890994,华蓥,现代地名,华蓥,https://www.geonames.org/1806983/,True,4.991
EZG09890996,巴蜀汉中-09890996,忠县,现代地名,忠县,https://www.geonames.org/1784281/,True,6.015
EZG09890997,巴蜀汉中-09890997,利川,现代地名,利川,https://www.geonames.org/1803779/,True,27.537
EZG09890998,巴蜀汉中-09890998,团堡,现代地名,团堡,https://www.geonames.org/8516975/,True,1.113
EZG09890999,巴蜀汉中-09890999,恩施,现代地名,恩施,https://www.geonames.org/1811719/,True,19.409
EZG09891000,江汉淮南-09891000,金果坪,现代地名,金果坪,https://www.geonames.org/8518001/,True,9.068
EZG09891001,江汉淮南-09891001,长阳,现代地名,长阳,https://www.geonames.org/1815484/,True,14.007
EZG09891002,江汉淮南-09891002,宜都,现代地名,宜都,https://www.geonames.org/1786728/,True,8.794
EZG09891003,江汉淮南-09891003,荆州市,现代地名,荆州市,https://www.geonames.org/1805540/,True,15.796
EZG09891004,江汉淮南-09891004,潜江,现代地名,潜江,https://www.geonames.org/1798313/,True,18.94
EZG09891005,江汉淮南-09891005,仙桃,现代地名,仙桃,https://www.geonames.org/1790370/,True,22.565
EZG09891006,江汉淮南-09891006,消泗,现代地名,消泗,https://www.geonames.org/8514400/,True,3.225
EZG09891007,江汉淮南-09891007,江夏,现代地名,江夏,https://www.geonames.org/6642320/,True,15.24
EZG09891008,江汉淮南-09891008,铁山,现代地名,铁山,https://www.geonames.org/6642290/,True,6.65
EZG09891009,江汉淮南-09891009,武穴市,现代地名,武穴市,https://www.geonames.org/6642451/,True,23.367
EZG09891010,江汉淮南-09891010,黄梅,现代地名,黄梅,https://www.geonames.org/1807337/,True,8.892
EZG09891011,江汉淮南-09891011,望江,现代地名,望江,https://www.geonames.org/1792012/,True,9.201
EZG09891012,江汉淮南-09891012,东至,现代地名,东至,https://www.geonames.org/1812050/,True,19.788
EZG09891013,江汉淮南-09891013,黟县,现代地名,黟县,https://www.geonames.org/1786429/,True,12.615
EZG09891014,江东-09891014,徽州,现代地名,徽州,https://www.geonames.org/6643463/,True,25.248
EZG09891015,江东-09891015,金川,现代地名,金川,https://www.geonames.org/1553335/,True,10.957
EZG09891016,江东-09891016,桐庐,现代地名,桐庐,https://www.geonames.org/1792615/,True,14.222
EZG09891017,江东-09891017,富阳,现代地名,富阳,https://www.geonames.org/1810840/,True,21.455
EZG09891019,江东-09891019,奉化,现代地名,奉化,https://www.geonames.org/1811333/,True,25.977
EZG09891020,江东-09891020,江东,现代地名,江东,https://www.geonames.org/6607397/,True,17.14
EZG09900986,陇蜀-09900986,奎拥,现代地名,奎拥,https://www.geonames.org/6998667/,True,10.776
EZG09900987,陇蜀-09900987,宝兴,现代地名,宝兴,https://www.geonames.org/1816898/,True,27.115
EZG09900988,陇蜀-09900988,芦山,现代地名,芦山,https://www.geonames.org/1801737/,True,17.409
EZG09900989,陇蜀-09900989,崇州,现代地名,崇州,https://www.geonames.org/1814903/,True,15.237
EZG09900991,陇蜀-09900991,金堂,现代地名,金堂,https://www.geonames.org/1805352/,True,18.902
EZG09900992,陇蜀-09900992,大英,现代地名,大英,https://www.geonames.org/6642906/,True,12.867
EZG09900993,陇蜀-09900993,嘉陵,现代地名,嘉陵,https://www.geonames.org/1800144/,True,12.419
EZG09900994,巴蜀汉中-09900994,广安,现代地名,广安,https://www.geonames.org/1809946/,True,20.87
EZG09900995,巴蜀汉中-09900995,大竹,现代地名,大竹,https://www.geonames.org/1813059/,True,19.522
EZG09900996,巴蜀汉中-09900996,梁平,现代地名,梁平,https://www.geonames.org/1803993/,True,10.781
EZG09900997,巴蜀汉中-09900997,万州区,现代地名,万州区,https://www.geonames.org/1791746/,True,15.483
EZG09900998,巴蜀汉中-09900998,云阳,现代地名,云阳,https://www.geonames.org/1785653/,True,29.967
EZG09900999,巴蜀汉中-09900999,奉节,现代地名,奉节,https://www.geonames.org/1811310/,True,21.394
EZG09901000,江汉淮南-09901000,建始,现代地名,建始,https://www.geonames.org/1806147/,True,13.822
EZG09901001,江汉淮南-09901001,秭归,现代地名,秭归,https://www.geonames.org/1783743/,True,19.646
EZG09901002,江汉淮南-09901002,点军,现代地名,点军,https://www.geonames.org/6642272/,True,12.638
EZG09901003,江汉淮南-09901003,当阳,现代地名,当阳,https://www.geonames.org/1813848/,True,11.401
EZG09901004,江汉淮南-09901004,沙洋,现代地名,沙洋,https://www.geonames.org/6642461/,True,11.488
EZG09901005,江汉淮南-09901005,天门,现代地名,天门,https://www.geonames.org/1792925/,True,23.548
EZG09901006,江汉淮南-09901006,汉川,现代地名,汉川,https://www.geonames.org/1808975/,True,19.98
EZG09901007,江汉淮南-09901007,武汉,现代地名,武汉,https://www.geonames.org/1791247/,True,22.79
EZG09901008,江汉淮南-09901008,华容,现代地名,华容,https://www.geonames.org/6642288/,True,14.211
EZG09901009,江汉淮南-09901009,浠水,现代地名,浠水,https://www.geonames.org/1788314/,True,8.827
EZG09901010,江汉淮南-09901010,蕲春,现代地名,蕲春,https://www.geonames.org/1798090/,True,25.373
EZG09901011,江汉淮南-09901011,潜山,现代地名,潜山,https://www.geonames.org/1798253/,True,23.304
EZG09901012,江汉淮南-09901012,宜秀,现代地名,宜秀,https://www.geonames.org/6643449/,True,4.313
EZG09901013,江汉淮南-09901013,贵池,现代地名,贵池,https://www.geonames.org/1809531/,True,12.19
EZG09901014,江东-09901014,黄山,现代地名,黄山,https://www.geonames.org/6643462/,True,22.559
EZG09901015,江东-09901015,宁国,现代地名,宁国,https://www.geonames.org/1799385/,True,23.743
EZG09901016,江东-09901016,叶家,现代地名,叶家,https://www.geonames.org/1790363/,True,0.166
EZG09901017,江东-09901017,临安,现代地名,临安,https://www.geonames.org/1803593/,True,20.056
EZG09901018,江东-09901018,杭州,现代地名,杭州,https://www.geonames.org/1808926/,True,27.063
EZG09901019,江东-09901019,余姚,现代地名,余姚,https://www.geonames.org/1785543/,True,24.226
EZG09910985,陇蜀-09910985,沙冲,现代地名,沙冲,https://www.geonames.org/9627902/,True,6.861
EZG09910986,陇蜀-09910986,丹巴,现代地名,丹巴,https://www.geonames.org/1813896/,True,22.526
EZG09910987,陇蜀-09910987,小金,现代地名,小金,https://www.geonames.org/1790120/,True,27.105
EZG09910988,陇蜀-09910988,汶川,现代地名,汶川,https://www.geonames.org/1791528/,True,16.831
EZG09910989,陇蜀-09910989,彭州,现代地名,彭州,https://www.geonames.org/1798906/,True,10.096
EZG09910990,陇蜀-09910990,德阳市,现代地名,德阳市,https://www.geonames.org/1812961/,True,9.267
EZG09910991,陇蜀-09910991,三台,现代地名,三台,https://www.geonames.org/1796597/,True,2.999
EZG09910992,陇蜀-09910992,西充,现代地名,西充,https://www.geonames.org/1789629/,True,21.656
EZG09910993,巴蜀汉中-09910993,蓬安,现代地名,蓬安,https://www.geonames.org/1798948/,True,25.793
EZG09910994,巴蜀汉中-09910994,营山,现代地名,营山,https://www.geonames.org/1786583/,True,7.698
EZG09910995,巴蜀汉中-09910995,达州,现代地名,达州,https://www.geonames.org/1813325/,True,10.293
EZG09910996,巴蜀汉中-09910996,开江,现代地名,开江,https://www.geonames.org/1804868/,True,17.499
EZG09910997,巴蜀汉中-09910997,开县,现代地名,开县,https://www.geonames.org/1804855/,True,17.76
EZG09910998,巴蜀汉中-09910998,新政,现代地名,新政,https://www.geonames.org/8399037/,True,4.925
EZG09910999,巴蜀汉中-09910999,巫山,现代地名,巫山,https://www.geonames.org/1791004/,True,20.015
EZG09911000,江汉淮南-09911000,信陵,现代地名,信陵,https://www.geonames.org/1788745/,True,17.409
EZG09911001,江汉淮南-09911001,兴山,现代地名,兴山,https://www.geonames.org/1788934/,True,14.489
EZG09911002,江汉淮南-09911002,远安,现代地名,远安,https://www.geonames.org/1786121/,True,9.996
EZG09911003,江汉淮南-09911003,东宝区,现代地名,东宝区,https://www.geonames.org/6642278/,True,19.374
EZG09911004,江汉淮南-09911004,钟祥,现代地名,钟祥,https://www.geonames.org/1784277/,True,8.756
EZG09911005,江汉淮南-09911005,京山,现代地名,京山,https://www.geonames.org/1805591/,True,9.085
EZG09911006,江汉淮南-09911006,云梦,现代地名,云梦,https://www.geonames.org/1785696/,True,11.108
EZG09911007,江汉淮南-09911007,黄陂,现代地名,黄陂,https://www.geonames.org/1807304/,True,6.616
EZG09911008,江汉淮南-09911008,白果,现代地名,白果,https://www.geonames.org/1817711/,True,7.147
EZG09911009,江汉淮南-09911009,罗田,现代地名,罗田,https://www.geonames.org/1801828/,True,5.969
EZG09911010,江汉淮南-09911010,岳西,现代地名,岳西,https://www.geonames.org/1785887/,True,18.343
EZG09911011,江汉淮南-09911011,桐城,现代地名,桐城,https://www.geonames.org/1792696/,True,21.079
EZG09911012,江汉淮南-09911012,枞阳,现代地名,枞阳,https://www.geonames.org/1783650/,True,15.652
EZG09911013,江汉淮南-09911013,狮子山,现代地名,狮子山,https://www.geonames.org/6643485/,True,3.654
EZG09911014,江东-09911014,南陵,现代地名,南陵,https://www.geonames.org/1799914/,True,12.304
EZG09911015,江东-09911015,宣州,现代地名,宣州,https://www.geonames.org/1788079/,True,24.468
EZG09911016,江东-09911016,安吉,现代地名,安吉,https://www.geonames.org/1818043/,True,19.756
EZG09911017,江东-09911017,吴兴,现代地名,吴兴,https://www.geonames.org/6607479/,True,14.11
EZG09911018,江东-09911018,南湖,现代地名,南湖,https://www.geonames.org/6607478/,True,4.564
EZG09920986,陇蜀-09920986,金川,现代地名,金川,https://www.geonames.org/1805731/,True,20.861
EZG09920987,陇蜀-09920987,两河,现代地名,两河,https://www.geonames.org/9628197/,True,16.639
EZG09920988,陇蜀-09920988,理县,现代地名,理县,https://www.geonames.org/1802816/,True,20.507
EZG09920989,陇蜀-09920989,威州,现代地名,威州,https://www.geonames.org/1791566/,True,6.821
EZG09920990,陇蜀-09920990,绵竹,现代地名,绵竹,https://www.geonames.org/1800623/,True,8.569
EZG09920991,陇蜀-09920991,涪城,现代地名,涪城,https://www.geonames.org/6642911/,True,7.902
EZG09920992,陇蜀-09920992,梓潼,现代地名,梓潼,https://www.geonames.org/1783697/,True,18.006
EZG09920993,陇蜀-09920993,阆中,现代地名,阆中,https://www.geonames.org/1804485/,True,16.264
EZG09920994,巴蜀汉中-09920994,仪陇,现代地名,仪陇,https://www.geonames.org/1786680/,True,16.883
EZG09920995,巴蜀汉中-09920995,平昌,现代地名,平昌,https://www.geonames.org/1798852/,True,8.308
EZG09920996,巴蜀汉中-09920996,宣汉,现代地名,宣汉,https://www.geonames.org/1788072/,True,27.091
EZG09920997,巴蜀汉中-09920997,麻柳,现代地名,麻柳,https://www.geonames.org/8400053/,True,19.267
EZG09920998,巴蜀汉中-09920998,白泉,现代地名,白泉,https://www.geonames.org/8400049/,True,4.463
EZG09920999,巴蜀汉中-09920999,巫溪,现代地名,巫溪,https://www.geonames.org/1790901/,True,14.093
EZG09921000,江汉淮南-09921000,向坝,现代地名,向坝,https://www.geonames.org/8546272/,True,12.055
EZG09921001,江汉淮南-09921001,松柏,现代地名,松柏,https://www.geonames.org/1794067/,True,17.21
EZG09921002,江汉淮南-09921002,保康,现代地名,保康,https://www.geonames.org/1816932/,True,11.22
EZG09921003,江汉淮南-09921003,南漳,现代地名,南漳,https://www.geonames.org/1799567/,True,4.19
EZG09921004,江汉淮南-09921004,宜城,现代地名,宜城,https://www.geonames.org/1786754/,True,15.415
EZG09921005,江汉淮南-09921005,长岗,现代地名,长岗,https://www.geonames.org/1815743/,True,4.923
EZG09921007,江汉淮南-09921007,大悟,现代地名,大悟,https://www.geonames.org/1813339/,True,19.806
EZG09921008,江汉淮南-09921008,新县,现代地名,新县,https://www.geonames.org/1788577/,True,18.412
EZG09921009,江汉淮南-09921009,麻城,现代地名,麻城,https://www.geonames.org/1801578/,True,26.763
EZG09921010,江汉淮南-09921010,金寨,现代地名,金寨,https://www.geonames.org/1805306/,True,7.346
EZG09921011,江汉淮南-09921011,霍山,现代地名,霍山,https://www.geonames.org/1806644/,True,25.065
EZG09921012,江汉淮南-09921012,舒城,现代地名,舒城,https://www.geonames.org/1794543/,True,26.515
EZG09921013,江汉淮南-09921013,巢湖,现代地名,巢湖,https://www.geonames.org/1815425/,True,19.988
EZG09921014,江东-09921014,三山,现代地名,三山,https://www.geonames.org/7049344/,True,12.748
EZG09921015,江东-09921015,高淳,现代地名,高淳,https://www.geonames.org/1810594/,True,16.058
EZG09921016,江东-09921016,溧阳,现代地名,溧阳,https://www.geonames.org/1802781/,True,19.138
EZG09921017,江东-09921017,宜兴,现代地名,宜兴,https://www.geonames.org/1786424/,True,24.986
EZG09921018,江东-09921018,吴中,现代地名,吴中,https://www.geonames.org/1881768/,True,7.453
EZG09921019,江东-09921019,青浦,现代地名,青浦,https://www.geonames.org/1797797/,True,5.979
EZG09921020,江东-09921020,奉贤,现代地名,奉贤,https://www.geonames.org/1811193/,True,17.667
EZG09930986,陇蜀-09930986,马尔康县,现代地名,马尔康县,https://www.geonames.org/1816867/,True,21.896
EZG09930987,陇蜀-09930987,二号闸,现代地名,二号闸,https://www.geonames.org/10202869/,True,2.494
EZG09930988,陇蜀-09930988,色尔古,现代地名,色尔古,https://www.geonames.org/1796484/,True,21.93
EZG09930989,陇蜀-09930989,茂县,现代地名,茂县,https://www.geonames.org/1801130/,True,14.973
EZG09930990,陇蜀-09930990,北川,现代地名,北川,https://www.geonames.org/1816762/,True,11.147
EZG09930991,陇蜀-09930991,江油,现代地名,江油,https://www.geonames.org/1806207/,True,11.857
EZG09930992,陇蜀-09930992,剑阁,现代地名,剑阁,https://www.geonames.org/1806385/,True,8.943
EZG09930993,巴蜀汉中-09930993,苍溪,现代地名,苍溪,https://www.geonames.org/1816082/,True,12.945
EZG09930994,巴蜀汉中-09930994,巴中市,现代地名,巴中市,https://www.geonames.org/11995100/,True,14.491
EZG09930995,巴蜀汉中-09930995,通江,现代地名,通江,https://www.geonames.org/1792643/,True,16.572
EZG09930996,巴蜀汉中-09930996,万源,现代地名,万源,https://www.geonames.org/1791738/,True,6.87
EZG09930997,巴蜀汉中-09930997,城口,现代地名,城口,https://www.geonames.org/1815237/,True,25.89
EZG09930998,巴蜀汉中-09930998,河鱼,现代地名,河鱼,https://www.geonames.org/8397560/,True,24.416
EZG09930999,巴蜀汉中-09930999,竹溪,现代地名,竹溪,https://www.geonames.org/1783788/,True,9.508
EZG09931000,江汉淮南-09931000,竹山城关镇,现代地名,竹山城关镇,https://www.geonames.org/1783825/,True,20.536
EZG09931001,江汉淮南-09931001,房县,现代地名,房县,https://www.geonames.org/1811529/,True,28.516
EZG09931002,江汉淮南-09931002,谷城,现代地名,谷城,https://www.geonames.org/1809578/,True,22.123
EZG09931004,江汉淮南-09931004,枣阳,现代地名,枣阳,https://www.geonames.org/1785461/,True,11.852
EZG09931005,江汉淮南-09931005,厉山,现代地名,厉山,https://www.geonames.org/1803267/,True,16.331
EZG09931006,江汉淮南-09931006,浉河,现代地名,浉河,https://www.geonames.org/6602256/,True,14.879
EZG09931007,江汉淮南-09931007,罗山,现代地名,罗山,https://www.geonames.org/1801844/,True,6.443
EZG09931008,江汉淮南-09931008,光山,现代地名,光山,https://www.geonames.org/1809880/,True,13.96
EZG09931009,江汉淮南-09931009,固始,现代地名,固始,https://www.geonames.org/1809216/,True,25.445
EZG09931010,江汉淮南-09931010,众兴,现代地名,众兴,https://www.geonames.org/8636155/,True,15.771
EZG09931011,江汉淮南-09931011,肥西,现代地名,肥西,https://www.geonames.org/1811436/,True,28.525
EZG09931012,江汉淮南-09931012,合肥,现代地名,合肥,https://www.geonames.org/1808722/,True,10.513
EZG09931013,江汉淮南-09931013,含山,现代地名,含山,https://www.geonames.org/1808888/,True,16.935
EZG09931014,江东-09931014,花山,现代地名,花山,https://www.geonames.org/6643469/,True,6.029
EZG09931015,江东-09931015,溧水,现代地名,溧水,https://www.geonames.org/1803242/,True,15.442
EZG09931016,江东-09931016,武进,现代地名,武进,https://www.geonames.org/1791159/,True,20.403
EZG09931018,江东-09931018,常熟,现代地名,常熟,https://www.geonames.org/1881767/,True,17.737
EZG09931019,江东-09931019,上海,现代地名,上海,https://www.geonames.org/1796236/,True,30.031
EZG09940986,陇蜀-09940986,康山,现代地名,康山,https://www.geonames.org/9640661/,True,4.545
EZG09940987,陇蜀-09940987,嚷口,现代地名,嚷口,https://www.geonames.org/9642753/,True,19.53
EZG09940988,陇蜀-09940988,黑水,现代地名,黑水,https://www.geonames.org/1808646/,True,16.706
EZG09940989,陇蜀-09940989,红土,现代地名,红土,https://www.geonames.org/9632322/,True,10.077
EZG09940990,陇蜀-09940990,白羊,现代地名,白羊,https://www.geonames.org/9632326/,True,18.713
EZG09940991,陇蜀-09940991,平武,现代地名,平武,https://www.geonames.org/1798664/,True,17.034
EZG09940992,陇蜀-09940992,青川,现代地名,青川,https://www.geonames.org/1797935/,True,16.517
EZG09940993,陇蜀-09940993,市中,现代地名,市中,https://www.geonames.org/1809862/,True,4.037
EZG09940994,巴蜀汉中-09940994,旺苍,现代地名,旺苍,https://www.geonames.org/1792162/,True,7.88
EZG09940995,巴蜀汉中-09940995,南江,现代地名,南江,https://www.geonames.org/1799979/,True,21.418
EZG09940996,巴蜀汉中-09940996,镇巴,现代地名,镇巴,https://www.geonames.org/1784739/,True,24.0
EZG09940997,巴蜀汉中-09940997,紫阳,现代地名,紫阳,https://www.geonames.org/1783679/,True,20.551
EZG09940998,巴蜀汉中-09940998,岚皋,现代地名,岚皋,https://www.geonames.org/1804549/,True,25.389
EZG09940999,巴蜀汉中-09940999,平利,现代地名,平利,https://www.geonames.org/1798750/,True,19.359
EZG09941000,江汉淮南-09941000,竹山,现代地名,竹山,https://www.geonames.org/1783823/,True,22.246
EZG09941001,江汉淮南-09941001,张湾区,现代地名,张湾区,https://www.geonames.org/6642267/,True,24.257
EZG09941002,江汉淮南-09941002,丹江口,现代地名,丹江口,https://www.geonames.org/1813827/,True,9.502
EZG09941003,江汉淮南-09941003,老河口,现代地名,老河口,https://www.geonames.org/1804385/,True,3.151
EZG09941004,江汉淮南-09941004,新野,现代地名,新野,https://www.geonames.org/1788521/,True,11.412
EZG09941005,江汉淮南-09941005,唐河,现代地名,唐河,https://www.geonames.org/1793414/,True,22.916
EZG09941006,江汉淮南-09941006,桐柏,现代地名,桐柏,https://www.geonames.org/1792711/,True,11.484
EZG09941007,江汉淮南-09941007,龙井,现代地名,龙井,https://www.geonames.org/8727396/,True,9.705
EZG09941008,江汉淮南-09941008,息县,现代地名,息县,https://www.geonames.org/1788212/,True,11.353
EZG09941009,江汉淮南-09941009,淮滨,现代地名,淮滨,https://www.geonames.org/1807698/,True,9.823
EZG09941010,江汉淮南-09941010,霍邱,现代地名,霍邱,https://www.geonames.org/1806650/,True,28.134
EZG09941011,江汉淮南-09941011,寿县,现代地名,寿县,https://www.geonames.org/1794783/,True,21.608
EZG09941012,江汉淮南-09941012,长丰,现代地名,长丰,https://www.geonames.org/1815747/,True,9.803
EZG09941013,江汉淮南-09941013,陈集,现代地名,陈集,https://www.geonames.org/8639140/,True,4.081
EZG09941014,江东-09941014,南谯,现代地名,南谯,https://www.geonames.org/6643472/,True,9.952
EZG09941015,江东-09941015,南京,现代地名,南京,https://www.geonames.org/1799962/,True,13.705
EZG09941016,江东-09941016,丹徒,现代地名,丹徒,https://www.geonames.org/1813808/,True,3.379
EZG09941017,江东-09941017,新北,现代地名,新北,https://www.geonames.org/6567655/,True,19.631
EZG09941018,江东-09941018,崇川,现代地名,崇川,https://www.geonames.org/6567648/,True,19.297
EZG09941019,江东-09941019,海门,现代地名,海门,https://www.geonames.org/1809056/,True,12.805
EZG09950986,陇蜀-09950986,茸安,现代地名,茸安,https://www.geonames.org/6929637/,True,34.701
EZG09950987,陇蜀-09950987,红原,现代地名,红原,https://www.geonames.org/1807922/,True,16.285
EZG09950988,陇蜀-09950988,草原,现代地名,草原,https://www.geonames.org/9632310/,True,3.618
EZG09950989,陇蜀-09950989,松潘,现代地名,松潘,https://www.geonames.org/1793997/,True,18.771
EZG09950990,陇蜀-09950990,铁楼,现代地名,铁楼,https://www.geonames.org/1899351/,True,20.785
EZG09950991,陇蜀-09950991,文县,现代地名,文县,https://www.geonames.org/1791408/,True,22.578
EZG09950992,陇蜀-09950992,沙州,现代地名,沙州,https://www.geonames.org/1817368/,True,15.672
EZG09950993,巴蜀汉中-09950993,宁强,现代地名,宁强,https://www.geonames.org/1799361/,True,16.227
EZG09950994,巴蜀汉中-09950994,南郑,现代地名,南郑,https://www.geonames.org/1799555/,True,18.152
EZG09950995,巴蜀汉中-09950995,湘水,现代地名,湘水,https://www.geonames.org/1790498/,True,23.587
EZG09950996,巴蜀汉中-09950996,西乡,现代地名,西乡,https://www.geonames.org/1788203/,True,20.464
EZG09950997,巴蜀汉中-09950997,汉阴,现代地名,汉阴,https://www.geonames.org/1808862/,True,3.139
EZG09950998,巴蜀汉中-09950998,汉滨区,现代地名,汉滨区,https://www.geonames.org/9165898/,True,18.664
EZG09950999,巴蜀汉中-09950999,旬阳,现代地名,旬阳,https://www.geonames.org/1787871/,True,26.696
EZG09951000,江汉淮南-09951000,郧西,现代地名,郧西,https://www.geonames.org/1785659/,True,16.708
EZG09951001,江汉淮南-09951001,郧县,现代地名,郧县,https://www.geonames.org/1785663/,True,13.352
EZG09951003,江汉淮南-09951003,镇平,现代地名,镇平,https://www.geonames.org/1784615/,True,23.768
EZG09951004,江汉淮南-09951004,宛城,现代地名,宛城,https://www.geonames.org/6602248/,True,8.247
EZG09951005,江汉淮南-09951005,泌阳,现代地名,泌阳,https://www.geonames.org/1816313/,True,10.009
EZG09951006,江汉淮南-09951006,驿城,现代地名,驿城,https://www.geonames.org/6602249/,True,14.866
EZG09951007,江汉淮南-09951007,汝南,现代地名,汝南,https://www.geonames.org/1797036/,True,16.536
EZG09951008,江汉淮南-09951008,新蔡,现代地名,新蔡,https://www.geonames.org/1789216/,True,10.012
EZG09951009,江汉淮南-09951009,阜南,现代地名,阜南,https://www.geonames.org/1810955/,True,12.325
EZG09951010,江汉淮南-09951010,颍上,现代地名,颍上,https://www.geonames.org/1786585/,True,8.509
EZG09951011,江汉淮南-09951011,八公山,现代地名,八公山,https://www.geonames.org/6643461/,True,7.196
EZG09951012,江汉淮南-09951012,凤阳,现代地名,凤阳,https://www.geonames.org/1811185/,True,19.365
EZG09951013,江东-09951013,明光,现代地名,明光,https://www.geonames.org/1805970/,True,20.677
EZG09951014,江东-09951014,来安,现代地名,来安,https://www.geonames.org/1804611/,True,18.975
EZG09951015,江东-09951015,仪征市,现代地名,仪征市,https://www.geonames.org/1786410/,True,18.365
EZG09951016,江东-09951016,海陵,现代地名,海陵,https://www.geonames.org/6567646/,True,8.049
EZG09951017,江东-09951017,海安,现代地名,海安,https://www.geonames.org/1809113/,True,16.823
EZG09951018,江东-09951018,如东,现代地名,如东,https://www.geonames.org/1797070/,True,8.841
EZG09960986,陇蜀-09960986,阿坝,现代地名,阿坝,https://www.geonames.org/1818177/,True,15.727
EZG09960987,陇蜀-09960987,阿坝,现代地名,阿坝,https://www.geonames.org/1818176/,True,30.465
EZG09960988,陇蜀-09960988,色地,现代地名,色地,https://www.geonames.org/9642750/,True,18.63
EZG09960989,陇蜀-09960989,扎口洞,现代地名,扎口洞,https://www.geonames.org/6929182/,True,10.689
EZG09960990,陇蜀-09960990,九寨沟,现代地名,九寨沟,https://www.geonames.org/1799836/,True,19.961
EZG09960991,陇蜀-09960991,文县,现代地名,文县,https://www.geonames.org/1791406/,True,28.267
EZG09960992,陇蜀-09960992,武都,现代地名,武都,https://www.geonames.org/1791288/,True,4.945
EZG09960993,陇蜀-09960993,康县,现代地名,康县,https://www.geonames.org/1804816/,True,15.643
EZG09960994,中原齐鲁-09960994,勉县,现代地名,勉县,https://www.geonames.org/1800630/,True,24.352
EZG09960995,中原齐鲁-09960995,城固,现代地名,城固,https://www.geonames.org/1815272/,True,19.923
EZG09960996,中原齐鲁-09960996,洋县,现代地名,洋县,https://www.geonames.org/1787267/,True,5.815
EZG09960997,中原齐鲁-09960997,石泉,现代地名,石泉,https://www.geonames.org/1795022/,True,28.023
EZG09960998,中原齐鲁-09960998,镇安,现代地名,镇安,https://www.geonames.org/1784742/,True,26.461
EZG09960999,中原齐鲁-09960999,湖北口,现代地名,湖北口,https://www.geonames.org/8548275/,True,19.888
EZG09961000,中原齐鲁-09961000,山阳,现代地名,山阳,https://www.geonames.org/1795903/,True,16.338
EZG09961001,中原齐鲁-09961001,商南,现代地名,商南,https://www.geonames.org/1796151/,True,19.985
EZG09961002,中原齐鲁-09961002,西峡,现代地名,西峡,https://www.geonames.org/1788197/,True,27.863
EZG09961003,中原齐鲁-09961003,内乡,现代地名,内乡,https://www.geonames.org/1799475/,True,13.56
EZG09961004,中原齐鲁-09961004,南召,现代地名,南召,https://www.geonames.org/1799561/,True,18.736
EZG09961005,中原齐鲁-09961005,方城,现代地名,方城,https://www.geonames.org/1811590/,True,5.688
EZG09961006,中原齐鲁-09961006,舞钢,现代地名,舞钢,https://www.geonames.org/1910201/,True,7.888
EZG09961008,中原齐鲁-09961008,项城,现代地名,项城,https://www.geonames.org/1790596/,True,9.273
EZG09961009,中原齐鲁-09961009,界首市,现代地名,界首市,https://www.geonames.org/1805841/,True,8.415
EZG09961010,中原齐鲁-09961010,利辛,现代地名,利辛,https://www.geonames.org/1802795/,True,15.86
EZG09961011,中原齐鲁-09961011,蒙城,现代地名,蒙城,https://www.geonames.org/1800761/,True,8.32
EZG09961012,中原齐鲁-09961012,坏远,现代地名,坏远,https://www.geonames.org/1807644/,True,17.299
EZG09961013,中原齐鲁-09961013,五河,现代地名,五河,https://www.geonames.org/1791238/,True,10.707
EZG09961014,中原齐鲁-09961014,盱眙,现代地名,盱眙,https://www.geonames.org/1787829/,True,18.852
EZG09961015,江东-09961015,金湖,现代地名,金湖,https://www.geonames.org/1805519/,True,14.533
EZG09961016,江东-09961016,高邮,现代地名,高邮,https://www.geonames.org/1810307/,True,8.47
EZG09961017,江东-09961017,兴化市,现代地名,兴化市,https://www.geonames.org/1789017/,True,14.379
EZG09961018,江东-09961018,东台,现代地名,东台,https://www.geonames.org/1812223/,True,18.526
EZG09970986,陇蜀-09970986,齐哈玛,现代地名,齐哈玛,https://www.geonames.org/1797313/,True,14.321
EZG09970987,陇蜀-09970987,洛华,现代地名,洛华,https://www.geonames.org/10140621/,True,0.241
EZG09970988,陇蜀-09970988,若尔盖,现代地名,若尔盖,https://www.geonames.org/1783665/,True,21.551
EZG09970989,陇蜀-09970989,大录,现代地名,大录,https://www.geonames.org/9632347/,True,0.998
EZG09970990,陇蜀-09970990,舟曲,现代地名,舟曲,https://www.geonames.org/1783955/,True,3.388
EZG09970991,陇蜀-09970991,陇南市,现代地名,陇南市,https://www.geonames.org/11778484/,True,25.769
EZG09970992,陇蜀-09970992,成县,现代地名,成县,https://www.geonames.org/1815189/,True,21.368
EZG09970993,中原齐鲁-09970993,徽县,现代地名,徽县,https://www.geonames.org/1806791/,True,22.08
EZG09970994,中原齐鲁-09970994,留坝,现代地名,留坝,https://www.geonames.org/1803208/,True,27.545
EZG09970995,中原齐鲁-09970995,江口,现代地名,江口,https://www.geonames.org/1806309/,True,21.871
EZG09970996,中原齐鲁-09970996,佛坪,现代地名,佛坪,https://www.geonames.org/1811104/,True,21.915
EZG09970997,中原齐鲁-09970997,宁陕,现代地名,宁陕,https://www.geonames.org/1799360/,True,22.58
EZG09970998,中原齐鲁-09970998,柞水,现代地名,柞水,https://www.geonames.org/1784795/,True,17.644
EZG09970999,中原齐鲁-09970999,商洛市,现代地名,商洛市,https://www.geonames.org/1796068/,True,26.077
EZG09971000,中原齐鲁-09971000,丹凤,现代地名,丹凤,https://www.geonames.org/1813883/,True,12.742
EZG09971001,中原齐鲁-09971001,卢氏,现代地名,卢氏,https://www.geonames.org/1801729/,True,27.117
EZG09971002,中原齐鲁-09971002,栾川,现代地名,栾川,https://www.geonames.org/1802201/,True,20.127
EZG09971003,中原齐鲁-09971003,车村,现代地名,车村,https://www.geonames.org/1815354/,True,8.9
EZG09971004,中原齐鲁-09971004,鲁山,现代地名,鲁山,https://www.geonames.org/1801736/,True,6.164
EZG09971005,中原齐鲁-09971005,平顶山市,现代地名,平顶山市,https://www.geonames.org/1798827/,True,4.609
EZG09971006,中原齐鲁-09971006,郾城,现代地名,郾城,https://www.geonames.org/1787742/,True,3.695
EZG09971007,中原齐鲁-09971007,周口,现代地名,周口,https://www.geonames.org/1784130/,True,10.251
EZG09971009,中原齐鲁-09971009,谯城,现代地名,谯城,https://www.geonames.org/1816232/,True,22.396
EZG09971010,中原齐鲁-09971010,涡阳,现代地名,涡阳,https://www.geonames.org/1809270/,True,8.894
EZG09971011,中原齐鲁-09971011,宿州市,现代地名,宿州市,https://www.geonames.org/1793743/,True,11.68
EZG09971012,中原齐鲁-09971012,灵璧,现代地名,灵璧,https://www.geonames.org/1803553/,True,19.509
EZG09971013,中原齐鲁-09971013,泗洪,现代地名,泗洪,https://www.geonames.org/1794255/,True,13.437
EZG09971014,中原齐鲁-09971014,洪泽,现代地名,洪泽,https://www.geonames.org/1783570/,True,24.882
EZG09971015,中原齐鲁-09971015,淮安區,现代地名,淮安區,https://www.geonames.org/6567641/,True,23.303
EZG09971016,中原齐鲁-09971016,盐都,现代地名,盐都,https://www.geonames.org/6567643/,True,12.781
EZG09971017,中原齐鲁-09971017,大丰,现代地名,大丰,https://www.geonames.org/1814428/,True,8.356
EZG09980987,陇蜀-09980987,尼玛,现代地名,尼玛,https://www.geonames.org/1783666/,True,11.771
EZG09980988,陇蜀-09980988,邦地,现代地名,邦地,https://www.geonames.org/10140644/,True,7.314
EZG09980989,陇蜀-09980989,迭部,现代地名,迭部,https://www.geonames.org/1793028/,True,20.057
EZG09980990,陇蜀-09980990,洛大,现代地名,洛大,https://www.geonames.org/7326271/,True,4.591
EZG09980991,陇蜀-09980991,宕昌,现代地名,宕昌,https://www.geonames.org/1813874/,True,13.226
EZG09980993,陇蜀-09980993,麻沿河,现代地名,麻沿河,https://www.geonames.org/1800945/,True,1.992
EZG09980994,关中河东-09980994,两当,现代地名,两当,https://www.geonames.org/1804081/,True,22.068
EZG09980995,关中河东-09980995,凤县,现代地名,凤县,https://www.geonames.org/1811202/,True,21.505
EZG09980996,关中河东-09980996,眉县,现代地名,眉县,https://www.geonames.org/12746861/,True,17.965
EZG09980997,关中河东-09980997,杨陵,现代地名,杨陵,https://www.geonames.org/1910292/,True,15.682
EZG09980998,关中河东-09980998,西安,现代地名,西安,https://www.geonames.org/1790630/,True,17.765
EZG09980999,关中河东-09980999,蓝田,现代地名,蓝田,https://www.geonames.org/1804446/,True,6.847
EZG09981000,关中河东-09981000,洛南,现代地名,洛南,https://www.geonames.org/1801869/,True,20.987
EZG09981001,关中河东-09981001,灵宝,现代地名,灵宝,https://www.geonames.org/1803556/,True,34.212
EZG09981002,中原齐鲁-09981002,卢氏,现代地名,卢氏,https://www.geonames.org/1801731/,True,18.039
EZG09981003,中原齐鲁-09981003,嵩县,现代地名,嵩县,https://www.geonames.org/1793967/,True,26.426
EZG09981004,中原齐鲁-09981004,汝阳,现代地名,汝阳,https://www.geonames.org/1797013/,True,7.327
EZG09981005,中原齐鲁-09981005,汝州,现代地名,汝州,https://www.geonames.org/1803358/,True,21.418
EZG09981007,中原齐鲁-09981007,鄢陵,现代地名,鄢陵,https://www.geonames.org/1787140/,True,10.302
EZG09981008,中原齐鲁-09981008,太康,现代地名,太康,https://www.geonames.org/1793655/,True,3.568
EZG09981009,中原齐鲁-09981009,柘城,现代地名,柘城,https://www.geonames.org/1784779/,True,16.725
EZG09981010,中原齐鲁-09981010,永城,现代地名,永城,https://www.geonames.org/1786372/,True,24.433
EZG09981011,中原齐鲁-09981011,淮北,现代地名,淮北,https://www.geonames.org/1807700/,True,11.598
EZG09981012,中原齐鲁-09981012,埇桥,现代地名,埇桥,https://www.geonames.org/6643484/,True,23.811
EZG09981013,中原齐鲁-09981013,睢宁,现代地名,睢宁,https://www.geonames.org/1793896/,True,3.99
EZG09981014,中原齐鲁-09981014,宿豫,现代地名,宿豫,https://www.geonames.org/6567638/,True,13.965
EZG09981015,中原齐鲁-09981015,连水,现代地名,连水,https://www.geonames.org/1803874/,True,21.414
EZG09981016,中原齐鲁-09981016,阜宁,现代地名,阜宁,https://www.geonames.org/1810949/,True,6.392
EZG09981017,中原齐鲁-09981017,射阳,现代地名,射阳,https://www.geonames.org/1795526/,True,4.48
EZG09990987,陇蜀-09990987,碌曲,现代地名,碌曲,https://www.geonames.org/1801747/,True,4.229
EZG09990988,陇蜀-09990988,卓尼,现代地名,卓尼,https://www.geonames.org/1804995/,True,29.836
EZG09990989,陇蜀-09990989,柳林,现代地名,柳林,https://www.geonames.org/1804996/,True,21.532
EZG09990990,陇蜀-09990990,岷县,现代地名,岷县,https://www.geonames.org/1800454/,True,3.295
EZG09990991,陇蜀-09990991,武山,现代地名,武山,https://www.geonames.org/1791003/,True,19.477
EZG09990992,陇蜀-09990992,秦州,现代地名,秦州,https://www.geonames.org/6642864/,True,22.332
EZG09990993,关中河东-09990993,麦积,现代地名,麦积,https://www.geonames.org/6642865/,True,17.22
EZG09990994,关中河东-09990994,高凌沟口,现代地名,高凌沟口,https://www.geonames.org/11349651/,True,1.248
EZG09990995,关中河东-09990995,凤翔,现代地名,凤翔,https://www.geonames.org/1811198/,True,13.163
EZG09990996,关中河东-09990996,岐山,现代地名,岐山,https://www.geonames.org/1797503/,True,22.39
EZG09990997,关中河东-09990997,礼泉,现代地名,礼泉,https://www.geonames.org/1803280/,True,1.026
EZG09990998,关中河东-09990998,高陵,现代地名,高陵,https://www.geonames.org/1810475/,True,7.909
EZG09990999,关中河东-09990999,临渭,现代地名,临渭,https://www.geonames.org/7577125/,True,18.255
EZG09991000,关中河东-09991000,潼关,现代地名,潼关,https://www.geonames.org/1792673/,True,10.839
EZG09991002,中原齐鲁-09991002,陕县,现代地名,陕县,https://www.geonames.org/1795920/,True,15.206
EZG09991005,中原齐鲁-09991005,新密,现代地名,新密,https://www.geonames.org/1800434/,True,8.102
EZG09991008,中原齐鲁-09991008,宁陵,现代地名,宁陵,https://www.geonames.org/1799365/,True,11.08
EZG09991010,中原齐鲁-09991010,砀山,现代地名,砀山,https://www.geonames.org/1813854/,True,7.493
EZG09991011,中原齐鲁-09991011,鼓楼,现代地名,鼓楼,https://www.geonames.org/6567630/,True,19.002
EZG09991012,中原齐鲁-09991012,贾汪,现代地名,贾汪,https://www.geonames.org/6567632/,True,18.523
EZG09991013,中原齐鲁-09991013,新沂,现代地名,新沂,https://www.geonames.org/1788510/,True,13.133
EZG09991014,中原齐鲁-09991014,沭阳,现代地名,沭阳,https://www.geonames.org/1794313/,True,14.43
EZG09991015,中原齐鲁-09991015,灌南,现代地名,灌南,https://www.geonames.org/1809810/,True,5.24
EZG09991016,中原齐鲁-09991016,滨海,现代地名,滨海,https://www.geonames.org/1816349/,True,9.181
EZG10000988,陇蜀-10000988,玛艾,现代地名,玛艾,https://www.geonames.org/1801633/,True,26.418
EZG10000989,陇蜀-10000989,合作,现代地名,合作,https://www.geonames.org/6642882/,True,28.746
EZG10000990,陇蜀-10000990,临潭,现代地名,临潭,https://www.geonames.org/1803348/,True,23.792
EZG10000991,陇蜀-10000991,漳县,现代地名,漳县,https://www.geonames.org/1785047/,True,26.094
EZG10000992,陇蜀-10000992,甘谷,现代地名,甘谷,https://www.geonames.org/1810722/,True,18.642
EZG10000993,陇蜀-10000993,秦安,现代地名,秦安,https://www.geonames.org/1797961/,True,1.741
EZG10000994,关中河东-10000994,张家川,现代地名,张家川,https://www.geonames.org/1785210/,True,7.004
EZG10000995,关中河东-10000995,陇县,现代地名,陇县,https://www.geonames.org/1802302/,True,18.173
EZG10000996,关中河东-10000996,灵台,现代地名,灵台,https://www.geonames.org/1803459/,True,14.593
EZG10000997,关中河东-10000997,彬县,现代地名,彬县,https://www.geonames.org/1816342/,True,10.383
EZG10000998,关中河东-10000998,印台,现代地名,印台,https://www.geonames.org/6599415/,True,17.388
EZG10000999,关中河东-10000999,富平,现代地名,富平,https://www.geonames.org/1810945/,True,17.994
EZG10001000,关中河东-10001000,大荔,现代地名,大荔,https://www.geonames.org/1814024/,True,24.101
EZG10001001,关中河东-10001001,临猗,现代地名,临猗,https://www.geonames.org/1803312/,True,16.161
EZG10001003,中原齐鲁-10001003,渑池,现代地名,渑池,https://www.geonames.org/1800646/,True,17.378
EZG10001004,中原齐鲁-10001004,吉利,现代地名,吉利,https://www.geonames.org/6602292/,True,14.003
EZG10001005,中原齐鲁-10001005,温县,现代地名,温县,https://www.geonames.org/1791407/,True,2.017
EZG10001006,中原齐鲁-10001006,郑州市,现代地名,郑州市,https://www.geonames.org/1784658/,True,21.048
EZG10001007,中原齐鲁-10001007,郊区,现代地名,郊区,https://www.geonames.org/6602277/,True,11.867
EZG10001008,中原齐鲁-10001008,兰考,现代地名,兰考,https://www.geonames.org/1804474/,True,7.809
EZG10001010,中原齐鲁-10001010,单县,现代地名,单县,https://www.geonames.org/1795921/,True,12.336
EZG10001011,中原齐鲁-10001011,丰县,现代地名,丰县,https://www.geonames.org/1811201/,True,20.303
EZG10001012,中原齐鲁-10001012,薛城,现代地名,薛城,https://www.geonames.org/6573980/,True,8.871
EZG10001013,中原齐鲁-10001013,苍山,现代地名,苍山,https://www.geonames.org/1816091/,True,15.934
EZG10001014,中原齐鲁-10001014,临沭,现代地名,临沭,https://www.geonames.org/1803350/,True,20.985
EZG10001015,中原齐鲁-10001015,新浦,现代地名,新浦,https://www.geonames.org/6567634/,True,6.908
EZG10010988,陇蜀-10010988,合作市,现代地名,合作市,https://www.geonames.org/1808181/,True,26.238
EZG10010989,陇蜀-10010989,康乐,现代地名,康乐,https://www.geonames.org/1804824/,True,5.978
EZG10010990,陇蜀-10010990,渭源,现代地名,渭源,https://www.geonames.org/1791570/,True,25.457
EZG10010991,陇蜀-10010991,陇西,现代地名,陇西,https://www.geonames.org/1802288/,True,26.926
EZG10010992,陇蜀-10010992,通渭,现代地名,通渭,https://www.geonames.org/1792559/,True,22.337
EZG10010993,陇蜀-10010993,庄浪,现代地名,庄浪,https://www.geonames.org/1784051/,True,17.076
EZG10010994,关中河东-10010994,崆峒,现代地名,崆峒,https://www.geonames.org/1798757/,True,17.514
EZG10010995,关中河东-10010995,泾川,现代地名,泾川,https://www.geonames.org/1805686/,True,19.308
EZG10010996,关中河东-10010996,长武,现代地名,长武,https://www.geonames.org/1815508/,True,25.966
EZG10010997,关中河东-10010997,正宁,现代地名,正宁,https://www.geonames.org/1784679/,True,6.604
EZG10010998,关中河东-10010998,宜君,现代地名,宜君,https://www.geonames.org/1786692/,True,11.4
EZG10010999,关中河东-10010999,澄城,现代地名,澄城,https://www.geonames.org/1815300/,True,19.695
EZG10011000,关中河东-10011000,韩城,现代地名,韩城,https://www.geonames.org/1808978/,True,17.754
EZG10011001,关中河东-10011001,稷山,现代地名,稷山,https://www.geonames.org/1805277/,True,18.429
EZG10011002,中原齐鲁-10011002,绛县,现代地名,绛县,https://www.geonames.org/1806234/,True,11.216
EZG10011003,中原齐鲁-10011003,阳城,现代地名,阳城,https://www.geonames.org/1787662/,True,18.936
EZG10011004,中原齐鲁-10011004,泽州,现代地名,泽州,https://www.geonames.org/6642566/,True,12.351
EZG10011005,中原齐鲁-10011005,修武,现代地名,修武,https://www.geonames.org/1788248/,True,4.77
EZG10011006,中原齐鲁-10011006,红旗,现代地名,红旗,https://www.geonames.org/6602269/,True,8.216
EZG10011007,中原齐鲁-10011007,滑县,现代地名,滑县,https://www.geonames.org/1807006/,True,14.986
EZG10011008,中原齐鲁-10011008,牡丹,现代地名,牡丹,https://www.geonames.org/6573987/,True,19.066
EZG10011009,中原齐鲁-10011009,巨野,现代地名,巨野,https://www.geonames.org/1804891/,True,15.949
EZG10011010,中原齐鲁-10011010,任城,现代地名,任城,https://www.geonames.org/6573986/,True,14.767
EZG10011011,中原齐鲁-10011011,滕县,现代地名,滕县,https://www.geonames.org/1793037/,True,14.942
EZG10011012,中原齐鲁-10011012,费县,现代地名,费县,https://www.geonames.org/1811441/,True,25.96
EZG10011013,中原齐鲁-10011013,临沂,现代地名,临沂,https://www.geonames.org/1803318/,True,9.838
EZG10011014,中原齐鲁-10011014,莒南,现代地名,莒南,https://www.geonames.org/1804953/,True,11.135
EZG10020989,陇蜀-10020989,临夏,现代地名,临夏,https://www.geonames.org/1803322/,True,8.671
EZG10020990,陇蜀-10020990,临洮,现代地名,临洮,https://www.geonames.org/1803347/,True,25.104
EZG10020991,陇蜀-10020991,安定,现代地名,安定,https://www.geonames.org/1812739/,True,20.48
EZG10020992,陇蜀-10020992,会宁,现代地名,会宁,https://www.geonames.org/1806817/,True,16.122
EZG10020993,陇蜀-10020993,西吉,现代地名,西吉,https://www.geonames.org/7576744/,True,22.698
EZG10020994,关中河东-10020994,隆德,现代地名,隆德,https://www.geonames.org/1802672/,True,24.564
EZG10020995,关中河东-10020995,镇原,现代地名,镇原,https://www.geonames.org/1784582/,True,25.729
EZG10020996,关中河东-10020996,庆阳市,现代地名,庆阳市,https://www.geonames.org/12359313/,True,16.516
EZG10020997,关中河东-10020997,合水,现代地名,合水,https://www.geonames.org/1808278/,True,23.728
EZG10020998,关中河东-10020998,黄陵,现代地名,黄陵,https://www.geonames.org/1807378/,True,25.657
EZG10020999,关中河东-10020999,洛川,现代地名,洛川,https://www.geonames.org/1801979/,True,13.7
EZG10021000,关中河东-10021000,黄龙,现代地名,黄龙,https://www.geonames.org/1807357/,True,15.744
EZG10021001,关中河东-10021001,河津,现代地名,河津,https://www.geonames.org/1808591/,True,24.775
EZG10021002,中原齐鲁-10021002,襄汾,现代地名,襄汾,https://www.geonames.org/1790584/,True,14.641
EZG10021004,中原齐鲁-10021004,沁水,现代地名,沁水,https://www.geonames.org/1797567/,True,12.599
EZG10021005,中原齐鲁-10021005,高平,现代地名,高平,https://www.geonames.org/1810434/,True,17.571
EZG10021006,中原齐鲁-10021006,林州,现代地名,林州,https://www.geonames.org/1803329/,True,24.662
EZG10021008,中原齐鲁-10021008,濮阳,现代地名,濮阳,https://www.geonames.org/1798420/,True,7.139
EZG10021009,中原齐鲁-10021009,范县,现代地名,范县,https://www.geonames.org/1811471/,True,10.297
EZG10021010,中原齐鲁-10021010,梁山,现代地名,梁山,https://www.geonames.org/1803985/,True,12.429
EZG10021012,中原齐鲁-10021012,泗水,现代地名,泗水,https://www.geonames.org/1794139/,True,10.726
EZG10021013,中原齐鲁-10021013,蒙阴,现代地名,蒙阴,https://www.geonames.org/1800674/,True,17.154
EZG10021014,中原齐鲁-10021014,沂南,现代地名,沂南,https://www.geonames.org/1786662/,True,22.39
EZG10021015,中原齐鲁-10021015,东港,现代地名,东港,https://www.geonames.org/6573975/,True,14.727
EZG10030989,陇蜀-10030989,西固,现代地名,西固,https://www.geonames.org/6642870/,True,9.716
EZG10030990,陇蜀-10030990,兰州市,现代地名,兰州市,https://www.geonames.org/1804430/,True,23.345
EZG10030991,陇蜀-10030991,山背后村,现代地名,山背后村,https://www.geonames.org/10753838/,True,0.497
EZG10030992,陇蜀-10030992,大沟,现代地名,大沟,https://www.geonames.org/1814392/,True,23.671
EZG10030993,陇蜀-10030993,原州,现代地名,原州,https://www.geonames.org/1809150/,True,26.458
EZG10030994,关中河东-10030994,罗洼,现代地名,罗洼,https://www.geonames.org/1801821/,True,4.73
EZG10030995,关中河东-10030995,合道,现代地名,合道,https://www.geonames.org/7518299/,True,7.079
EZG10030996,关中河东-10030996,华池,现代地名,华池,https://www.geonames.org/1807736/,True,24.156
EZG10030997,关中河东-10030997,滴水崖,现代地名,滴水崖,https://www.geonames.org/10737541/,True,0.044
EZG10030998,关中河东-10030998,甘泉,现代地名,甘泉,https://www.geonames.org/1810679/,True,13.07
EZG10030999,关中河东-10030999,农场八连,现代地名,农场八连,https://www.geonames.org/11183030/,True,12.713
EZG10031000,关中河东-10031000,宜川,现代地名,宜川,https://www.geonames.org/1786748/,True,24.627
EZG10031001,关中河东-10031001,吉县,现代地名,吉县,https://www.geonames.org/1805034/,True,24.559
EZG10031002,燕赵齐北-10031002,洪洞,现代地名,洪洞,https://www.geonames.org/1807980/,True,12.334
EZG10031003,燕赵齐北-10031003,安泽,现代地名,安泽,https://www.geonames.org/1817927/,True,17.621
EZG10031004,燕赵齐北-10031004,长子,现代地名,长子,https://www.geonames.org/1784996/,True,13.42
EZG10031005,燕赵齐北-10031005,平顺,现代地名,平顺,https://www.geonames.org/1798687/,True,1.864
EZG10031006,燕赵齐北-10031006,殷都,现代地名,殷都,https://www.geonames.org/6602264/,True,17.618
EZG10031007,燕赵齐北-10031007,临漳,现代地名,临漳,https://www.geonames.org/1803305/,True,12.36
EZG10031008,燕赵齐北-10031008,南乐,现代地名,南乐,https://www.geonames.org/1799927/,True,8.254
EZG10031009,燕赵齐北-10031009,阳谷,现代地名,阳谷,https://www.geonames.org/1787593/,True,6.786
EZG10031010,燕赵齐北-10031010,肥城,现代地名,肥城,https://www.geonames.org/1811458/,True,18.209
EZG10031011,燕赵齐北-10031011,泰安市,现代地名,泰安市,https://www.geonames.org/1793724/,True,13.993
EZG10031012,燕赵齐北-10031012,莱芜区,现代地名,莱芜区,https://www.geonames.org/6573943/,True,21.497
EZG10031013,中原齐鲁-10031013,沂水,现代地名,沂水,https://www.geonames.org/1786452/,True,19.549
EZG10031014,中原齐鲁-10031014,库山,现代地名,库山,https://www.geonames.org/8721542/,True,5.164
EZG10031015,中原齐鲁-10031015,胶南,现代地名,胶南,https://www.geonames.org/1806030/,True,22.043
EZG10040990,陇蜀-10040990,皋兰,现代地名,皋兰,https://www.geonames.org/1810492/,True,21.212
EZG10040991,陇蜀-10040991,白银,现代地名,白银,https://www.geonames.org/6642866/,True,17.406
EZG10040992,陇蜀-10040992,平川,现代地名,平川,https://www.geonames.org/6642867/,True,14.524
EZG10040993,陇蜀-10040993,海原,现代地名,海原,https://www.geonames.org/1809007/,True,7.676
EZG10040994,关中河东-10040994,羊路,现代地名,羊路,https://www.geonames.org/7516123/,True,8.887
EZG10040995,关中河东-10040995,环县,现代地名,环县,https://www.geonames.org/1807080/,True,20.929
EZG10040996,关中河东-10040996,樊家川,现代地名,樊家川,https://www.geonames.org/1811512/,True,9.488
EZG10040997,关中河东-10040997,吴起,现代地名,吴起,https://www.geonames.org/1791043/,True,28.582
EZG10040998,关中河东-10040998,志丹,现代地名,志丹,https://www.geonames.org/1784547/,True,11.143
EZG10040999,关中河东-10040999,延安市,现代地名,延安市,https://www.geonames.org/1787765/,True,14.229
EZG10041000,关中河东-10041000,延长,现代地名,延长,https://www.geonames.org/1787748/,True,16.115
EZG10041001,关中河东-10041001,永和,现代地名,永和,https://www.geonames.org/1786331/,True,3.526
EZG10041002,燕赵齐北-10041002,隰县,现代地名,隰县,https://www.geonames.org/1788211/,True,21.661
EZG10041003,燕赵齐北-10041003,霍州,现代地名,霍州,https://www.geonames.org/1806625/,True,10.895
EZG10041004,燕赵齐北-10041004,沁县,现代地名,沁县,https://www.geonames.org/1797560/,True,13.574
EZG10041005,燕赵齐北-10041005,襄垣,现代地名,襄垣,https://www.geonames.org/1790444/,True,16.064
EZG10041006,燕赵齐北-10041006,涉县,现代地名,涉县,https://www.geonames.org/12746894/,True,11.595
EZG10041007,燕赵齐北-10041007,复兴,现代地名,复兴,https://www.geonames.org/6586360/,True,1.49
EZG10041008,燕赵齐北-10041008,广平,现代地名,广平,https://www.geonames.org/1809885/,True,11.84
EZG10041009,燕赵齐北-10041009,冠县,现代地名,冠县,https://www.geonames.org/1809729/,True,10.343
EZG10041010,燕赵齐北-10041010,茌平,现代地名,茌平,https://www.geonames.org/1814985/,True,10.527
EZG10041011,燕赵齐北-10041011,济南市,现代地名,济南市,https://www.geonames.org/1805753/,True,21.207
EZG10041012,燕赵齐北-10041012,历城,现代地名,历城,https://www.geonames.org/1803785/,True,28.947
EZG10041013,燕赵齐北-10041013,博山,现代地名,博山,https://www.geonames.org/6573951/,True,21.185
EZG10041014,燕赵齐北-10041014,临朐,现代地名,临朐,https://www.geonames.org/1803360/,True,16.272
EZG10041015,燕赵齐北-10041015,安丘,现代地名,安丘,https://www.geonames.org/1817989/,True,18.38
EZG10041016,燕赵齐北-10041016,胶州,现代地名,胶州,https://www.geonames.org/1806003/,True,5.876
EZG10041017,燕赵齐北-10041017,李沧,现代地名,李沧,https://www.geonames.org/6573974/,True,19.08
EZG10050990,陇蜀-10050990,景泰,现代地名,景泰,https://www.geonames.org/1805586/,True,15.595
EZG10050991,陇蜀-10050991,王家山,现代地名,王家山,https://www.geonames.org/8595857/,True,18.188
EZG10050992,陇蜀-10050992,五合,现代地名,五合,https://www.geonames.org/8595888/,True,14.682
EZG10050993,陇蜀-10050993,同心,现代地名,同心,https://www.geonames.org/1792542/,True,22.232
EZG10050994,关中河东-10050994,马高庄乡,现代地名,马高庄乡,https://www.geonames.org/7516120/,True,22.321
EZG10050995,关中河东-10050995,山城,现代地名,山城,https://www.geonames.org/1796339/,True,18.049
EZG10050996,关中河东-10050996,吴起,现代地名,吴起,https://www.geonames.org/1791025/,True,29.215
EZG10050997,关中河东-10050997,营家沟,现代地名,营家沟,https://www.geonames.org/11136033/,True,0.663
EZG10050998,关中河东-10050998,安塞,现代地名,安塞,https://www.geonames.org/1817976/,True,19.154
EZG10050999,关中河东-10050999,子长,现代地名,子长,https://www.geonames.org/1783748/,True,21.975
EZG10051000,关中河东-10051000,清涧,现代地名,清涧,https://www.geonames.org/1797867/,True,13.613
EZG10051001,关中河东-10051001,石楼,现代地名,石楼,https://www.geonames.org/1795169/,True,16.986
EZG10051002,燕赵齐北-10051002,孝义,现代地名,孝义,https://www.geonames.org/1789888/,True,5.353
EZG10051003,燕赵齐北-10051003,平遥,现代地名,平遥,https://www.geonames.org/1798635/,True,9.04
EZG10051004,燕赵齐北-10051004,榆社,现代地名,榆社,https://www.geonames.org/1785613/,True,10.833
EZG10051005,燕赵齐北-10051005,左权,现代地名,左权,https://www.geonames.org/1783599/,True,4.226
EZG10051006,燕赵齐北-10051006,桥西,现代地名,桥西,https://www.geonames.org/6586361/,True,12.835
EZG10051008,燕赵齐北-10051008,威县,现代地名,威县,https://www.geonames.org/1791590/,True,8.331
EZG10051009,燕赵齐北-10051009,夏津,现代地名,夏津,https://www.geonames.org/1790687/,True,5.702
EZG10051010,燕赵齐北-10051010,禹城,现代地名,禹城,https://www.geonames.org/1785977/,True,6.87
EZG10051011,燕赵齐北-10051011,济阳,现代地名,济阳,https://www.geonames.org/1805018/,True,16.539
EZG10051012,燕赵齐北-10051012,周村,现代地名,周村,https://www.geonames.org/6573953/,True,11.281
EZG10051014,燕赵齐北-10051014,寒亭,现代地名,寒亭,https://www.geonames.org/6573961/,True,2.894
EZG10051015,燕赵齐北-10051015,平度,现代地名,平度,https://www.geonames.org/1798819/,True,22.666
EZG10051016,燕赵齐北-10051016,莱西,现代地名,莱西,https://www.geonames.org/1804588/,True,19.277
EZG10051017,燕赵齐北-10051017,海阳,现代地名,海阳,https://www.geonames.org/1809017/,True,20.694
EZG10060990,陇蜀-10060990,四个山,现代地名,四个山,https://www.geonames.org/8595819/,True,28.003
EZG10060991,陇蜀-10060991,温都尔图,现代地名,温都尔图,https://www.geonames.org/8648724/,True,4.492
EZG10060992,陇蜀-10060992,沙坡头,现代地名,沙坡头,https://www.geonames.org/1784284/,True,23.391
EZG10060993,陇蜀-10060993,中宁,现代地名,中宁,https://www.geonames.org/1784343/,True,19.133
EZG10060994,关中河东-10060994,红寺堡,现代地名,红寺堡,https://www.geonames.org/8066511/,True,13.02
EZG10060995,关中河东-10060995,盐池,现代地名,盐池,https://www.geonames.org/1787736/,True,24.295
EZG10060996,关中河东-10060996,定边,现代地名,定边,https://www.geonames.org/1812823/,True,15.058
EZG10060997,关中河东-10060997,定边,现代地名,定边,https://www.geonames.org/1812822/,True,29.937
EZG10060998,关中河东-10060998,靖边,现代地名,靖边,https://www.geonames.org/1805690/,True,7.79
EZG10060999,关中河东-10060999,方界村,现代地名,方界村,https://www.geonames.org/11116785/,True,1.283
EZG10061000,关中河东-10061000,子洲,现代地名,子洲,https://www.geonames.org/1783667/,True,17.061
EZG10061001,关中河东-10061001,吴堡,现代地名,吴堡,https://www.geonames.org/1791353/,True,10.383
EZG10061002,燕赵齐北-10061002,吕梁市,现代地名,吕梁市,https://www.geonames.org/13512505/,True,10.89
EZG10061003,燕赵齐北-10061003,文水,现代地名,文水,https://www.geonames.org/1791419/,True,12.38
EZG10061004,燕赵齐北-10061004,清徐,现代地名,清徐,https://www.geonames.org/1797661/,True,15.736
EZG10061005,燕赵齐北-10061005,和顺,现代地名,和顺,https://www.geonames.org/1808273/,True,29.344
EZG10061006,燕赵齐北-10061006,昔阳县,现代地名,昔阳县,https://www.geonames.org/1788158/,True,13.232
EZG10061007,燕赵齐北-10061007,临城,现代地名,临城,https://www.geonames.org/1803580/,True,5.917
EZG10061008,燕赵齐北-10061008,新河,现代地名,新河,https://www.geonames.org/1788881/,True,17.365
EZG10061009,燕赵齐北-10061009,枣强,现代地名,枣强,https://www.geonames.org/1785475/,True,6.974
EZG10061010,燕赵齐北-10061010,德城,现代地名,德城,https://www.geonames.org/6573957/,True,6.743
EZG10061011,燕赵齐北-10061011,临邑,现代地名,临邑,https://www.geonames.org/1803311/,True,13.565
EZG10061012,燕赵齐北-10061012,惠民,现代地名,惠民,https://www.geonames.org/1806822/,True,8.744
EZG10061013,燕赵齐北-10061013,博兴,现代地名,博兴,https://www.geonames.org/1816250/,True,9.852
EZG10061014,燕赵齐北-10061014,寿光,现代地名,寿光,https://www.geonames.org/1794793/,True,26.763
EZG10061015,燕赵齐北-10061015,土山,现代地名,土山,https://www.geonames.org/1792300/,True,22.303
EZG10061016,燕赵齐北-10061016,莱州,现代地名,莱州,https://www.geonames.org/6573967/,True,8.808
EZG10061017,燕赵齐北-10061017,莱阳,现代地名,莱阳,https://www.geonames.org/1804585/,True,18.948
EZG10061018,燕赵齐北-10061018,乳山,现代地名,乳山,https://www.geonames.org/1797018/,True,16.713
EZG10061019,燕赵齐北-10061019,文登,现代地名,文登,https://www.geonames.org/1791526/,True,16.555
EZG10070990,陇蜀-10070990,新民,现代地名,新民,https://www.geonames.org/10647659/,True,23.172
EZG10070991,陇蜀-10070991,Qalgar,现代地名（原文）,Qalgar,https://www.geonames.org/1798393/,True,12.384
EZG10070992,陇蜀-10070992,嘉尔嘎勒赛汉,现代地名,嘉尔嘎勒赛汉,https://www.geonames.org/8648729/,True,16.617
EZG10070993,陇蜀-10070993,青铜峡,现代地名,青铜峡,https://www.geonames.org/1797692/,True,11.344
EZG10070994,关中河东-10070994,灵武,现代地名,灵武,https://www.geonames.org/1803447/,True,5.353
EZG10070995,关中河东-10070995,花马池,现代地名,花马池,https://www.geonames.org/1787739/,True,28.007
EZG10070996,关中河东-10070996,吉拉,现代地名,吉拉,https://www.geonames.org/8648732/,True,15.737
EZG10070997,关中河东-10070997,沙尔利格,现代地名,沙尔利格,https://www.geonames.org/8648731/,True,18.478
EZG10070998,关中河东-10070998,河南,现代地名,河南,https://www.geonames.org/8648727/,True,29.509
EZG10070999,关中河东-10070999,横山,现代地名,横山,https://www.geonames.org/1808407/,True,25.763
EZG10071000,关中河东-10071000,佳县,现代地名,佳县,https://www.geonames.org/1805958/,True,14.718
EZG10071001,关中河东-10071001,临县,现代地名,临县,https://www.geonames.org/1803328/,True,1.523
EZG10071002,燕赵齐北-10071002,方山,现代地名,方山,https://www.geonames.org/1811540/,True,20.655
EZG10071003,燕赵齐北-10071003,古交,现代地名,古交,https://www.geonames.org/6643157/,True,9.957
EZG10071004,燕赵齐北-10071004,太原,现代地名,太原,https://www.geonames.org/1793511/,True,27.524
EZG10071005,燕赵齐北-10071005,矿区,现代地名,矿区,https://www.geonames.org/8053963/,True,5.944
EZG10071006,燕赵齐北-10071006,井陉,现代地名,井陉,https://www.geonames.org/1805562/,True,12.089
EZG10071007,燕赵齐北-10071007,赵县,现代地名,赵县,https://www.geonames.org/1784829/,True,11.197
EZG10071008,燕赵齐北-10071008,辛集,现代地名,辛集,https://www.geonames.org/1788766/,True,14.319
EZG10071009,燕赵齐北-10071009,武邑,现代地名,武邑,https://www.geonames.org/1790869/,True,10.027
EZG10071010,燕赵齐北-10071010,东光,现代地名,东光,https://www.geonames.org/1812535/,True,11.755
EZG10071011,燕赵齐北-10071011,乐陵,现代地名,乐陵,https://www.geonames.org/1804194/,True,14.318
EZG10071012,燕赵齐北-10071012,沾化,现代地名,沾化,https://www.geonames.org/1784993/,True,13.181
EZG10071013,燕赵齐北-10071013,利津,现代地名,利津,https://www.geonames.org/1803630/,True,12.388
EZG10071016,燕赵齐北-10071016,龙口,现代地名,龙口,https://www.geonames.org/1802548/,True,9.115
EZG10071017,燕赵齐北-10071017,福山,现代地名,福山,https://www.geonames.org/6573965/,True,8.832
EZG10071018,燕赵齐北-10071018,牟平,现代地名,牟平,https://www.geonames.org/1800283/,True,23.559
EZG10071019,燕赵齐北-10071019,环翠,现代地名,环翠,https://www.geonames.org/6573968/,True,21.7
EZG10080991,陇蜀-10080991,查干布拉格,现代地名,查干布拉格,https://www.geonames.org/8648735/,True,10.35
EZG10080992,陇蜀-10080992,Jagt,现代地名（原文）,Jagt,https://www.geonames.org/1806526/,True,12.622
EZG10080993,陇蜀-10080993,厢根达来,现代地名,厢根达来,https://www.geonames.org/8648740/,True,17.987
EZG10080994,关中河东-10080994,银川市,现代地名,银川市,https://www.geonames.org/1786657/,True,19.804
EZG10080995,关中河东-10080995,芒哈图,现代地名,芒哈图,https://www.geonames.org/8648736/,True,21.664
EZG10080996,关中河东-10080996,鄂托克,现代地名,鄂托克,https://www.geonames.org/1799151/,True,23.522
EZG10080997,关中河东-10080997,玛拉迪,现代地名,玛拉迪,https://www.geonames.org/8648739/,True,4.651
EZG10080998,关中河东-10080998,乌审,现代地名,乌审,https://www.geonames.org/1792275/,True,27.338
EZG10080999,关中河东-10080999,蒿莱,现代地名,蒿莱,https://www.geonames.org/1808821/,True,0.862
EZG10081000,关中河东-10081000,榆林市,现代地名,榆林市,https://www.geonames.org/1785777/,True,24.592
EZG10081001,关中河东-10081001,圪垯上,现代地名,圪垯上,https://www.geonames.org/8742559/,True,15.282
EZG10081002,燕赵齐北-10081002,兴县,现代地名,兴县,https://www.geonames.org/1788913/,True,18.299
EZG10081003,燕赵齐北-10081003,静乐,现代地名,静乐,https://www.geonames.org/1805621/,True,14.918
EZG10081004,燕赵齐北-10081004,忻府,现代地名,忻府,https://www.geonames.org/1788447/,True,9.592
EZG10081005,燕赵齐北-10081005,盂县,现代地名,盂县,https://www.geonames.org/1785568/,True,13.094
EZG10081006,燕赵齐北-10081006,平山,现代地名,平山,https://www.geonames.org/1798698/,True,8.364
EZG10081007,燕赵齐北-10081007,石家庄,现代地名,石家庄,https://www.geonames.org/1795270/,True,28.1
EZG10081008,燕赵齐北-10081008,深泽,现代地名,深泽,https://www.geonames.org/1795568/,True,13.754
EZG10081009,燕赵齐北-10081009,饶阳,现代地名,饶阳,https://www.geonames.org/1797236/,True,1.569
EZG10081010,燕赵齐北-10081010,泊头,现代地名,泊头,https://www.geonames.org/1816255/,True,14.636
EZG10081011,燕赵齐北-10081011,沧县,现代地名,沧县,https://www.geonames.org/1816083/,True,4.934
EZG10081012,燕赵齐北-10081012,海兴,现代地名,海兴,https://www.geonames.org/1809027/,True,11.419
EZG10090991,陇蜀-10090991,Tulantai,现代地名（原文）,Tulantai,https://www.geonames.org/1792397/,True,21.665
EZG10090992,陇蜀-10090992,通古勒格淖尔,现代地名,通古勒格淖尔,https://www.geonames.org/8648748/,True,19.009
EZG10090993,陇蜀-10090993,巴彦浩特,现代地名,巴彦浩特,https://www.geonames.org/1816821/,True,17.728
EZG10090994,关中河东-10090994,平罗,现代地名,平罗,https://www.geonames.org/1798743/,True,13.419
EZG10090995,关中河东-10090995,查布,现代地名,查布,https://www.geonames.org/8648752/,True,29.353
EZG10090996,关中河东-10090996,包乐浩晓,现代地名,包乐浩晓,https://www.geonames.org/8648751/,True,12.226
EZG10090997,关中河东-10090997,苏米图,现代地名,苏米图,https://www.geonames.org/8648753/,True,18.327
EZG10090998,关中河东-10090998,嘎鲁图,现代地名,嘎鲁图,https://www.geonames.org/8052067/,True,26.445
EZG10090999,关中河东-10090999,呼吉尔图,现代地名,呼吉尔图,https://www.geonames.org/8648750/,True,12.988
EZG10091000,关中河东-10091000,神木,现代地名,神木,https://www.geonames.org/1795616/,True,10.451
EZG10091001,关中河东-10091001,保德,现代地名,保德,https://www.geonames.org/1816977/,True,21.769
EZG10091002,燕赵齐北-10091002,岢岚,现代地名,岢岚,https://www.geonames.org/1804774/,True,5.039
EZG10091003,燕赵齐北-10091003,宁武,现代地名,宁武,https://www.geonames.org/1799357/,True,11.178
EZG10091004,燕赵齐北-10091004,原平,现代地名,原平,https://www.geonames.org/1786059/,True,21.505
EZG10091005,燕赵齐北-10091005,五台,现代地名,五台,https://www.geonames.org/1790954/,True,13.112
EZG10091006,燕赵齐北-10091006,阜平,现代地名,阜平,https://www.geonames.org/1810944/,True,17.531
EZG10091007,燕赵齐北-10091007,曲阳,现代地名,曲阳,https://www.geonames.org/1797267/,True,15.798
EZG10091008,燕赵齐北-10091008,清苑,现代地名,清苑,https://www.geonames.org/1797624/,True,4.838
EZG10091009,燕赵齐北-10091009,任丘,现代地名,任丘,https://www.geonames.org/1797180/,True,9.473
EZG10091010,燕赵齐北-10091010,青县,现代地名,青县,https://www.geonames.org/1797668/,True,10.174
EZG10091011,燕赵齐北-10091011,黄骅,现代地名,黄骅,https://www.geonames.org/1807459/,True,18.607
EZG10100992,北部边地-10100992,Tariat,现代地名（原文）,Tariat,https://www.geonames.org/1793079/,True,23.24
EZG10100993,北部边地-10100993,锡林高勒,现代地名,锡林高勒,https://www.geonames.org/8648756/,True,9.91
EZG10100994,北部边地-10100994,大武口,现代地名,大武口,https://www.geonames.org/6643244/,True,18.653
EZG10100995,北部边地-10100995,惠农,现代地名,惠农,https://www.geonames.org/6643243/,True,14.302
EZG10100996,北部边地-10100996,Sain Us,现代地名（原文）,Sain Us,https://www.geonames.org/1797004/,True,9.67
EZG10100997,北部边地-10100997,鄂托克,现代地名,鄂托克,https://www.geonames.org/1799152/,True,27.139
EZG10100998,北部边地-10100998,木凯淖尔,现代地名,木凯淖尔,https://www.geonames.org/8648772/,True,18.12
EZG10100999,北部边地-10100999,乌兰什巴台,现代地名,乌兰什巴台,https://www.geonames.org/8648759/,True,11.839
EZG10101000,北部边地-10101000,布连,现代地名,布连,https://www.geonames.org/8648768/,True,12.332
EZG10101001,北部边地-10101001,府谷,现代地名,府谷,https://www.geonames.org/1811037/,True,3.682
EZG10101002,北部边地-10101002,河曲,现代地名,河曲,https://www.geonames.org/1808321/,True,12.175
EZG10101003,北部边地-10101003,神池,现代地名,神池,https://www.geonames.org/1795700/,True,7.216
EZG10101004,北部边地-10101004,朔州,现代地名,朔州,https://www.geonames.org/1794328/,True,20.296
EZG10101005,北部边地-10101005,代县,现代地名,代县,https://www.geonames.org/1814215/,True,20.919
EZG10101006,北部边地-10101006,神堂堡,现代地名,神堂堡,https://www.geonames.org/1795593/,True,5.405
EZG10101007,北部边地-10101007,石门,现代地名,石门,https://www.geonames.org/1920173/,True,20.334
EZG10101008,北部边地-10101008,满城,现代地名,满城,https://www.geonames.org/1801311/,True,20.822
EZG10101009,北部边地-10101009,雄安新区,现代地名,雄安新区,https://www.geonames.org/12746427/,True,7.215
EZG10101010,北部边地-10101010,霸州,现代地名,霸州,https://www.geonames.org/1816834/,True,9.565
EZG10101011,北部边地-10101011,天津,现代地名,天津,https://www.geonames.org/1792947/,True,14.27
EZG10101012,燕赵齐北-10101012,滨海新区,现代地名,滨海新区,https://www.geonames.org/7626687/,True,5.077
EZG10110992,北部边地-10110992,阿拉善,现代地名,阿拉善,https://www.geonames.org/1818126/,True,27.381
EZG10110993,北部边地-10110993,吉兰泰,现代地名,吉兰泰,https://www.geonames.org/8648814/,True,21.168
EZG10110994,北部边地-10110994,乌达,现代地名,乌达,https://www.geonames.org/6643402/,True,28.234
EZG10110995,北部边地-10110995,海勃湾,现代地名,海勃湾,https://www.geonames.org/6643401/,True,19.634
EZG10110996,北部边地-10110996,公其日嘎,现代地名,公其日嘎,https://www.geonames.org/8648823/,True,25.497
EZG10110997,北部边地-10110997,召稍,现代地名,召稍,https://www.geonames.org/8648785/,True,17.752
EZG10110998,北部边地-10110998,阿门其日格,现代地名,阿门其日格,https://www.geonames.org/8648810/,True,8.344
EZG10110999,北部边地-10110999,伊金霍洛,现代地名,伊金霍洛,https://www.geonames.org/1811740/,True,11.344
EZG10111000,北部边地-10111000,四道柳,现代地名,四道柳,https://www.geonames.org/8648803/,True,6.191
EZG10111001,北部边地-10111001,沙圪堵,现代地名,沙圪堵,https://www.geonames.org/1796444/,True,10.284
EZG10111002,北部边地-10111002,偏关,现代地名,偏关,https://www.geonames.org/1798887/,True,18.993
EZG10111003,北部边地-10111003,平鲁,现代地名,平鲁,https://www.geonames.org/1798740/,True,4.817
EZG10111004,北部边地-10111004,山阴,现代地名,山阴,https://www.geonames.org/1795899/,True,15.595
EZG10111005,北部边地-10111005,浑源县,现代地名,浑源县,https://www.geonames.org/1806686/,True,7.303
EZG10111006,北部边地-10111006,灵丘,现代地名,灵丘,https://www.geonames.org/1803485/,True,19.625
EZG10111007,北部边地-10111007,涞源,现代地名,涞源,https://www.geonames.org/1804580/,True,23.801
EZG10111008,北部边地-10111008,涞水,现代地名,涞水,https://www.geonames.org/1804594/,True,8.231
EZG10111009,北部边地-10111009,涿州,现代地名,涿州,https://www.geonames.org/1783850/,True,17.289
EZG10111010,北部边地-10111010,廊坊,现代地名,廊坊,https://www.geonames.org/1804540/,True,12.207
EZG10111011,北部边地-10111011,宁河,现代地名,宁河,https://www.geonames.org/1799380/,True,15.034
EZG10111012,北部边地-10111012,丰南,现代地名,丰南,https://www.geonames.org/1811270/,True,9.054
EZG10111013,北部边地-10111013,乐亭,现代地名,乐亭,https://www.geonames.org/1804141/,True,12.118
EZG10111017,辽西辽东-10111017,金州,现代地名,金州,https://www.geonames.org/1805337/,True,23.198
EZG10111023,燕赵齐北-10111023,Yaksal-li,现代地名（原文）,Yaksal-li,https://www.geonames.org/12451249/,True,42.013
EZG10120993,北部边地-10120993,Sangejing,现代地名（原文）,Sangejing,https://www.geonames.org/2035154/,True,17.791
EZG10120994,北部边地-10120994,罕乌拉,现代地名,罕乌拉,https://www.geonames.org/8648862/,True,37.284
EZG10120995,北部边地-10120995,巴彦木仁,现代地名,巴彦木仁,https://www.geonames.org/8648834/,True,10.164
EZG10120996,北部边地-10120996,巴音额日和图,现代地名,巴音额日和图,https://www.geonames.org/8648849/,True,25.679
EZG10120997,北部边地-10120997,伊和乌素,现代地名,伊和乌素,https://www.geonames.org/8648840/,True,16.37
EZG10120998,北部边地-10120998,杭锦,现代地名,杭锦,https://www.geonames.org/1808938/,True,11.526
EZG10120999,北部边地-10120999,呼斯梁,现代地名,呼斯梁,https://www.geonames.org/8648842/,True,2.527
EZG10121000,北部边地-10121000,东胜,现代地名,东胜,https://www.geonames.org/1812255/,True,26.069
EZG10121001,北部边地-10121001,布尔陶亥,现代地名,布尔陶亥,https://www.geonames.org/8648839/,True,12.124
EZG10121002,北部边地-10121002,准格尔,现代地名,准格尔,https://www.geonames.org/1804940/,True,21.557
EZG10121003,北部边地-10121003,清水河,现代地名,清水河,https://www.geonames.org/1797730/,True,27.64
EZG10121004,北部边地-10121004,左云县,现代地名,左云县,https://www.geonames.org/1783586/,True,11.214
EZG10121005,北部边地-10121005,城区,现代地名,城区,https://www.geonames.org/8053961/,True,8.26
EZG10121006,北部边地-10121006,广灵,现代地名,广灵,https://www.geonames.org/1809907/,True,26.509
EZG10121007,北部边地-10121007,蔚县,现代地名,蔚县,https://www.geonames.org/1785567/,True,15.868
EZG10121008,北部边地-10121008,涿鹿,现代地名,涿鹿,https://www.geonames.org/2033068/,True,16.219
EZG10121009,北部边地-10121009,门头沟,现代地名,门头沟,https://www.geonames.org/1800656/,True,14.148
EZG10121011,北部边地-10121011,三河,现代地名,三河,https://www.geonames.org/1796810/,True,18.242
EZG10121012,北部边地-10121012,玉田,现代地名,玉田,https://www.geonames.org/1785594/,True,10.402
EZG10121013,北部边地-10121013,滦县,现代地名,滦县,https://www.geonames.org/1802188/,True,8.775
EZG10121014,辽西辽东-10121014,昌黎,现代地名,昌黎,https://www.geonames.org/1815634/,True,13.571
EZG10121018,辽西辽东-10121018,瓦房店,现代地名,瓦房店,https://www.geonames.org/1792259/,True,19.317
EZG10121019,辽西辽东-10121019,普兰店,现代地名,普兰店,https://www.geonames.org/1788767/,True,26.078
EZG10130994,北部边地-10130994,敖伦布拉格,现代地名,敖伦布拉格,https://www.geonames.org/8648891/,True,15.014
EZG10130995,北部边地-10130995,磴口,现代地名,磴口,https://www.geonames.org/2037707/,True,25.058
EZG10130996,北部边地-10130996,Kubqi Shamo,现代地名（原文）,Kubqi Shamo,https://www.geonames.org/2036896/,True,21.95
EZG10130997,北部边地-10130997,赛音乌素,现代地名,赛音乌素,https://www.geonames.org/8648877/,True,14.948
EZG10130998,北部边地-10130998,杭锦淖尔,现代地名,杭锦淖尔,https://www.geonames.org/8648908/,True,8.024
EZG10130999,北部边地-10130999,昆都仑区,现代地名,昆都仑区,https://www.geonames.org/6643406/,True,19.463
EZG10131000,北部边地-10131000,土默特,现代地名,土默特,https://www.geonames.org/2034342/,True,18.034
EZG10131001,北部边地-10131001,托克托,现代地名,托克托,https://www.geonames.org/2034427/,True,24.644
EZG10131002,北部边地-10131002,和林格尔,现代地名,和林格尔,https://www.geonames.org/2033051/,True,17.206
EZG10131003,北部边地-10131003,凉城,现代地名,凉城,https://www.geonames.org/2036166/,True,21.217
EZG10131004,北部边地-10131004,丰镇,现代地名,丰镇,https://www.geonames.org/2037390/,True,20.252
EZG10131005,北部边地-10131005,阳高,现代地名,阳高,https://www.geonames.org/2033509/,True,16.676
EZG10131006,北部边地-10131006,天镇,现代地名,天镇,https://www.geonames.org/2034450/,True,22.278
EZG10131007,北部边地-10131007,宣化区,现代地名,宣化区,https://www.geonames.org/6586385/,True,22.474
EZG10131008,北部边地-10131008,怀来,现代地名,怀来,https://www.geonames.org/2036767/,True,3.65
EZG10131009,北部边地-10131009,昌平,现代地名,昌平,https://www.geonames.org/2038153/,True,13.177
EZG10131010,北部边地-10131010,平谷,现代地名,平谷,https://www.geonames.org/2035468/,True,21.744
EZG10131011,北部边地-10131011,兴隆,现代地名,兴隆,https://www.geonames.org/2033736/,True,25.276
EZG10131012,北部边地-10131012,迁西,现代地名,迁西,https://www.geonames.org/2035377/,True,12.311
EZG10131013,北部边地-10131013,迁安,现代地名,迁安,https://www.geonames.org/2035409/,True,24.615
EZG10131014,辽西辽东-10131014,海港,现代地名,海港,https://www.geonames.org/6586381/,True,9.353
EZG10131018,辽西辽东-10131018,许屯,现代地名,许屯,https://www.geonames.org/2033557/,True,13.158
EZG10131019,辽西辽东-10131019,庄河,现代地名,庄河,https://www.geonames.org/1784054/,True,4.296
EZG10131020,辽西辽东-10131020,洋河,现代地名,洋河,https://www.geonames.org/2033916/,True,28.411
EZG10131023,辽西辽东-10131023,大五里,现代地名,大五里,https://www.geonames.org/13696684/,True,0.619
EZG10140996,北部边地-10140996,临河,现代地名,临河,https://www.geonames.org/2036070/,True,7.144
EZG10140997,北部边地-10140997,五原,现代地名,五原,https://www.geonames.org/2034070/,True,15.832
EZG10140998,北部边地-10140998,乌拉山,现代地名,乌拉山,https://www.geonames.org/2050968/,True,26.268
EZG10140999,北部边地-10140999,乌拉特,现代地名,乌拉特,https://www.geonames.org/2034285/,True,19.863
EZG10141000,北部边地-10141000,固阳,现代地名,固阳,https://www.geonames.org/2037108/,True,15.865
EZG10141001,北部边地-10141001,下湿壕,现代地名,下湿壕,https://www.geonames.org/8544212/,True,5.081
EZG10141002,北部边地-10141002,呼和浩特,现代地名,呼和浩特,https://www.geonames.org/2036892/,True,29.064
EZG10141003,北部边地-10141003,赛罕,现代地名,赛罕,https://www.geonames.org/6643398/,True,26.557
EZG10141004,北部边地-10141004,卓资,现代地名,卓资,https://www.geonames.org/2033066/,True,10.426
EZG10141005,北部边地-10141005,察哈尔,现代地名,察哈尔,https://www.geonames.org/2035422/,True,11.724
EZG10141006,北部边地-10141006,兴和,现代地名,兴和,https://www.geonames.org/2033758/,True,16.165
EZG10141007,北部边地-10141007,万全,现代地名,万全,https://www.geonames.org/2034205/,True,3.435
EZG10141008,北部边地-10141008,桥东,现代地名,桥东,https://www.geonames.org/6586387/,True,19.791
EZG10141009,北部边地-10141009,赤城,现代地名,赤城,https://www.geonames.org/2038068/,True,21.449
EZG10141010,北部边地-10141010,怀柔,现代地名,怀柔,https://www.geonames.org/2036763/,True,12.567
EZG10141011,北部边地-10141011,滦平,现代地名,滦平,https://www.geonames.org/2035935/,True,22.262
EZG10141012,北部边地-10141012,鹰手营子,现代地名,鹰手营子,https://www.geonames.org/8029389/,True,22.113
EZG10141013,北部边地-10141013,宽城,现代地名,宽城,https://www.geonames.org/2036284/,True,6.897
EZG10141014,辽西辽东-10141014,北营子,现代地名,北营子,https://www.geonames.org/11106867/,True,22.904
EZG10141015,辽西辽东-10141015,绥中,现代地名,绥中,https://www.geonames.org/2034646/,True,11.09
EZG10141016,辽西辽东-10141016,城郊,现代地名,城郊,https://www.geonames.org/7003510/,True,25.73
EZG10141019,辽西辽东-10141019,盖州,现代地名,盖州,https://www.geonames.org/2037326/,True,3.997
EZG10141020,辽西辽东-10141020,岫岩,现代地名,岫岩,https://www.geonames.org/2033601/,True,8.355
EZG10141021,辽西辽东-10141021,东港,现代地名,东港,https://www.geonames.org/1812547/,True,25.325
EZG10141022,辽西辽东-10141022,新义州,现代地名,新义州,https://www.geonames.org/2040893/,True,7.634
EZG10141023,辽西辽东-10141023,鳧坪洞,现代地名,鳧坪洞,https://www.geonames.org/13557890/,True,11.74
EZG10141024,辽西辽东-10141024,諸仁里,现代地名,諸仁里,https://www.geonames.org/13644303/,True,2.832
EZG10150997,北部边地-10150997,乌梁素太,现代地名,乌梁素太,https://www.geonames.org/8649118/,True,6.156
EZG10150998,北部边地-10150998,楚鲁图,现代地名,楚鲁图,https://www.geonames.org/8649146/,True,16.843
EZG10150999,北部边地-10150999,红泥井,现代地名,红泥井,https://www.geonames.org/8545962/,True,13.82
EZG10151000,北部边地-10151000,卜塔亥,现代地名,卜塔亥,https://www.geonames.org/8545941/,True,3.781
EZG10151001,北部边地-10151001,东红胜,现代地名,东红胜,https://www.geonames.org/8469617/,True,9.857
EZG10151002,北部边地-10151002,乌兰花,现代地名,乌兰花,https://www.geonames.org/2034310/,True,22.25
EZG10151003,北部边地-10151003,察哈尔,现代地名,察哈尔,https://www.geonames.org/2035421/,True,18.728
EZG10151004,北部边地-10151004,察哈尔,现代地名,察哈尔,https://www.geonames.org/2035423/,True,27.671
EZG10151005,北部边地-10151005,赛乌素,现代地名,赛乌素,https://www.geonames.org/8649125/,True,17.302
EZG10151006,北部边地-10151006,尚义,现代地名,尚义,https://www.geonames.org/2035006/,True,20.053
EZG10151007,北部边地-10151007,张北,现代地名,张北,https://www.geonames.org/2033210/,True,17.795
EZG10151008,北部边地-10151008,清三营,现代地名,清三营,https://www.geonames.org/10145436/,True,18.605
EZG10151009,北部边地-10151009,大阁,现代地名,大阁,https://www.geonames.org/2037990/,True,26.522
EZG10151010,北部边地-10151010,胡麻营,现代地名,胡麻营,https://www.geonames.org/10145463/,True,9.415
EZG10151011,北部边地-10151011,双滦,现代地名,双滦,https://www.geonames.org/6586388/,True,18.949
EZG10151012,北部边地-10151012,王土房,现代地名,王土房,https://www.geonames.org/10145450/,True,20.394
EZG10151013,北部边地-10151013,平泉,现代地名,平泉,https://www.geonames.org/2035464/,True,22.538
EZG10151014,辽西辽东-10151014,建昌,现代地名,建昌,https://www.geonames.org/2036573/,True,22.243
EZG10151015,辽西辽东-10151015,兴城,现代地名,兴城,https://www.geonames.org/2033763/,True,26.946
EZG10151016,辽西辽东-10151016,龙港,现代地名,龙港,https://www.geonames.org/2054309/,True,13.837
EZG10151018,辽西辽东-10151018,老边,现代地名,老边,https://www.geonames.org/2054304/,True,10.051
EZG10151019,辽西辽东-10151019,海城,现代地名,海城,https://www.geonames.org/2037084/,True,23.347
EZG10151020,辽西辽东-10151020,汤沟,现代地名,汤沟,https://www.geonames.org/2053377/,True,4.735
EZG10151021,辽西辽东-10151021,凤城,现代地名,凤城,https://www.geonames.org/2037410/,True,16.905
EZG10151022,辽西辽东-10151022,宽甸,现代地名,宽甸,https://www.geonames.org/2036282/,True,26.28
EZG10151023,辽西辽东-10151023,倉里,现代地名,倉里,https://www.geonames.org/2045106/,True,5.063
EZG10160999,北部边地-10160999,新呼热,现代地名,新呼热,https://www.geonames.org/8649173/,True,21.062
EZG10161000,北部边地-10161000,通阳道,现代地名,通阳道,https://www.geonames.org/8054542/,True,3.625
EZG10161001,北部边地-10161001,达茂,现代地名,达茂,https://www.geonames.org/2037840/,True,22.827
EZG10161002,北部边地-10161002,大井坡,现代地名,大井坡,https://www.geonames.org/8649203/,True,5.194
EZG10161003,北部边地-10161003,花山子,现代地名,花山子,https://www.geonames.org/8553954/,True,24.596
EZG10161004,北部边地-10161004,库伦,现代地名,库伦,https://www.geonames.org/8554237/,True,4.359
EZG10161005,北部边地-10161005,商都,现代地名,商都,https://www.geonames.org/2035030/,True,20.146
EZG10161006,北部边地-10161006,化德,现代地名,化德,https://www.geonames.org/2036777/,True,24.781
EZG10161007,北部边地-10161007,康保,现代地名,康保,https://www.geonames.org/2036328/,True,14.9
EZG10161008,北部边地-10161008,太仆寺,现代地名,太仆寺,https://www.geonames.org/2034608/,True,26.363
EZG10161009,北部边地-10161009,沽源,现代地名,沽源,https://www.geonames.org/2037105/,True,28.181
EZG10161010,北部边地-10161010,丰宁,现代地名,丰宁,https://www.geonames.org/2037400/,True,18.249
EZG10161011,北部边地-10161011,隆化,现代地名,隆化,https://www.geonames.org/2035971/,True,16.883
EZG10161012,北部边地-10161012,茅荆坝,现代地名,茅荆坝,https://www.geonames.org/10145505/,True,7.61
EZG10161013,北部边地-10161013,热水,现代地名,热水,https://www.geonames.org/8649147/,True,1.54
EZG10161014,辽西辽东-10161014,宁城,现代地名,宁城,https://www.geonames.org/2035586/,True,26.972
EZG10161015,辽西辽东-10161015,喀喇沁左翼,现代地名,喀喇沁左翼,https://www.geonames.org/2036999/,True,22.412
EZG10161016,辽西辽东-10161016,南票,现代地名,南票,https://www.geonames.org/2054310/,True,21.523
EZG10161017,辽西辽东-10161017,凌海,现代地名,凌海,https://www.geonames.org/2036433/,True,12.433
EZG10161018,辽西辽东-10161018,双台子,现代地名,双台子,https://www.geonames.org/2054306/,True,3.685
EZG10161019,辽西辽东-10161019,铁西,现代地名,铁西,https://www.geonames.org/6599880/,True,22.768
EZG10161020,辽西辽东-10161020,弓长岭,现代地名,弓长岭,https://www.geonames.org/2054302/,True,9.659
EZG10161021,辽西辽东-10161021,南芬,现代地名,南芬,https://www.geonames.org/2054303/,True,22.936
EZG10161022,辽西辽东-10161022,八河川镇,现代地名,八河川镇,https://www.geonames.org/7402116/,True,15.674
EZG10161023,辽西辽东-10161023,步达远,现代地名,步达远,https://www.geonames.org/2038258/,True,6.367
EZG10171009,北部边地-10171009,三道沟,现代地名,三道沟,https://www.geonames.org/8649259/,True,14.597
EZG10171010,北部边地-10171010,西龙头,现代地名,西龙头,https://www.geonames.org/10145479/,True,16.127
EZG10171011,北部边地-10171011,围场,现代地名,围场,https://www.geonames.org/2034194/,True,1.145
EZG10171012,北部边地-10171012,喀喇沁,现代地名,喀喇沁,https://www.geonames.org/2037000/,True,23.793
EZG10171013,辽西辽东-10171013,元宝山,现代地名,元宝山,https://www.geonames.org/6643416/,True,25.981
EZG10171014,辽西辽东-10171014,建平,现代地名,建平,https://www.geonames.org/2036545/,True,10.827
EZG10171015,辽西辽东-10171015,朝阳,现代地名,朝阳,https://www.geonames.org/2038099/,True,11.605
EZG10171016,辽西辽东-10171016,义县,现代地名,义县,https://www.geonames.org/2033340/,True,20.426
EZG10171017,辽西辽东-10171017,北镇,现代地名,北镇,https://www.geonames.org/2038305/,True,8.126
EZG10171018,辽西辽东-10171018,台安,现代地名,台安,https://www.geonames.org/2034609/,True,24.642
EZG10171019,辽西辽东-10171019,辽中,现代地名,辽中,https://www.geonames.org/2036105/,True,21.83
EZG10171020,辽西辽东-10171020,溪湖,现代地名,溪湖,https://www.geonames.org/6599903/,True,16.409
EZG10171021,辽西辽东-10171021,本溪,现代地名,本溪,https://www.geonames.org/2038298/,True,19.558
EZG10171022,辽西辽东-10171022,桓仁,现代地名,桓仁,https://www.geonames.org/2036711/,True,26.285
EZG10181011,北部边地-10181011,围场,现代地名,围场,https://www.geonames.org/2034193/,True,27.638
EZG10181012,北部边地-10181012,大夫营子,现代地名,大夫营子,https://www.geonames.org/8649321/,True,11.653
EZG10181013,北部边地-10181013,红山,现代地名,红山,https://www.geonames.org/6643409/,True,11.53
EZG10181014,辽西辽东-10181014,哈拉道口,现代地名,哈拉道口,https://www.geonames.org/11031458/,True,6.562
EZG10181015,辽西辽东-10181015,敖汉,现代地名,敖汉,https://www.geonames.org/2038622/,True,21.545
EZG10181016,辽西辽东-10181016,北四家,现代地名,北四家,https://www.geonames.org/2038329/,True,11.733
EZG10181017,辽西辽东-10181017,海州,现代地名,海州,https://www.geonames.org/6599898/,True,15.212
EZG10181018,辽西辽东-10181018,新邱,现代地名,新邱,https://www.geonames.org/2054308/,True,24.092
EZG10181019,辽西辽东-10181019,新民,现代地名,新民,https://www.geonames.org/2033670/,True,2.91
EZG10181020,辽西辽东-10181020,沈阳市,现代地名,沈阳市,https://www.geonames.org/2034937/,True,15.852
EZG10181021,辽西辽东-10181021,东洲,现代地名,东洲,https://www.geonames.org/6599896/,True,12.134
EZG10181022,辽西辽东-10181022,新宾,现代地名,新宾,https://www.geonames.org/2033794/,True,17.434
EZG10191012,北部边地-10191012,高家梁,现代地名,高家梁,https://www.geonames.org/8649370/,True,4.353
EZG10191013,辽西辽东-10191013,东庄头营子,现代地名,东庄头营子,https://www.geonames.org/8649377/,True,11.873
EZG10191014,辽西辽东-10191014,古鲁板蒿,现代地名,古鲁板蒿,https://www.geonames.org/8649353/,True,4.506
EZG10191015,辽西辽东-10191015,奈曼,现代地名,奈曼,https://www.geonames.org/2035682/,True,45.403
EZG10191016,辽西辽东-10191016,白音昌,现代地名,白音昌,https://www.geonames.org/8649328/,True,13.903
EZG10191017,辽西辽东-10191017,库伦,现代地名,库伦,https://www.geonames.org/2036629/,True,35.174
EZG10191018,辽西辽东-10191018,彰武,现代地名,彰武,https://www.geonames.org/2033178/,True,6.307
EZG10191019,辽西辽东-10191019,法库,现代地名,法库,https://www.geonames.org/2037432/,True,3.037
EZG10191020,辽西辽东-10191020,银州,现代地名,银州,https://www.geonames.org/6599901/,True,6.255
EZG10191021,辽西辽东-10191021,清原,现代地名,清原,https://www.geonames.org/2035273/,True,31.032
